Predicted,Actual,ID,Female,Black,Age_at_Release,Residence_PUMA,Gang_Affiliated,Supervision_Risk_Score_First,Supervision_Level_First,Education_Level,Dependents,Prison_Offense,Prison_Years,Prior_Arrest_Episodes_Felony,Prior_Arrest_Episodes_Misd,Prior_Arrest_Episodes_Violent,Prior_Arrest_Episodes_Property,Prior_Arrest_Episodes_Drug,Prior_Arrest_Episodes_PPViolationCharges,Prior_Arrest_Episodes_DVCharges,Prior_Arrest_Episodes_GunCharges,Prior_Conviction_Episodes_Felony,Prior_Conviction_Episodes_Misd,Prior_Conviction_Episodes_Viol,Prior_Conviction_Episodes_Prop,Prior_Conviction_Episodes_Drug,Prior_Conviction_Episodes_PPViolationCharges,Prior_Conviction_Episodes_DomesticViolenceCharges,Prior_Conviction_Episodes_GunCharges,Prior_Revocations_Parole,Prior_Revocations_Probation,Condition_MH_SA,Condition_Cog_Ed,Condition_Other,Violations_ElectronicMonitoring,Violations_Instruction,Violations_FailToReport,Violations_MoveWithoutPermission,Delinquency_Reports,Program_Attendances,Program_UnexcusedAbsences,Residence_Changes,Avg_Days_per_DrugTest,DrugTests_THC_Positive,DrugTests_Cocaine_Positive,DrugTests_Meth_Positive,DrugTests_Other_Positive,Percent_Days_Employed,Jobs_Per_Year,Employment_Exempt,Recidivism_Within_3years,Recidivism_Arrest_Year1,Recidivism_Arrest_Year2,Recidivism_Arrest_Year3,Training_Sample,Matching,NotEqual
False,True,10324,False,True,3842,20,False,6,Specialized,At least some college,2,2.0,2,6,5,1,5,0,0,False,True,3,0,False,3,0,False,False,True,False,False,False,False,True,True,False,False,False,0,4,1,2,413,0.0,0.0,0.0,0.0,0.202179177,0.442191283,False,True,True,False,False,1,1.0,-1
True,False,3877,False,True,3842,5,False,5,Specialized,High School Diploma,3,3.0,3,9,6,3,3,4,4,False,True,3,4,True,1,2,True,False,True,False,False,False,False,False,False,False,False,False,0,10,1,0,29.375,0.0,0.0,0.0,0.0,1.0,3.0,False,False,False,False,False,1,0.0,-1
False,True,13310,True,False,3842,17,False,10,Standard,High School Diploma,1,2.0,1,10,6,0,5,5,5,False,False,2,4,False,3,1,True,False,False,False,True,True,True,False,False,True,True,False,4,4,3,3,23.07692308,0.0,0.0,0.15384616,0.0,0.353333333,1.0,False,True,True,False,False,1,1.0,-1
False,True,25404,False,True,2327,2,False,5,Standard,High School Diploma,2,0.0,0,2,6,0,2,1,5,False,False,1,2,False,0,0,True,False,False,False,False,False,False,False,False,False,False,False,0,4,2,0,120.6,0.200000003,0.0,0.0,0.0,0.0,0.0,False,True,True,False,False,0,1.0,-1
True,False,10678,False,False,3842,16,False,7,High,Less than HS diploma,2,0.0,1,2,1,0,1,2,1,False,True,0,0,False,0,1,False,False,True,False,False,True,False,False,False,False,False,False,0,0,0,0,89.6,0.0,0.0,0.0,0.0,0.972098214,0.815290179,False,False,False,False,False,0,0.0,-1
False,True,23021,True,True,2832,12,False,5,Standard,High School Diploma,0,0.0,0,5,6,3,1,0,5,True,False,1,1,False,0,0,False,False,False,False,False,True,False,False,False,False,False,False,2,0,0,0,28.83333333,0.0,0.0,0.0,0.0,0.104046243,1.0,False,True,False,True,False,1,1.0,-1
True,False,25088,False,False,2327,12,False,1,Standard,At least some college,3,0.0,3,0,0,0,0,0,0,False,False,0,0,False,0,0,False,False,False,False,False,False,False,False,False,False,False,False,0,0,0,3,65.73333333,0.0,0.0,0.0,0.0,0.811359026,0.740872211,False,False,False,False,False,1,0.0,-1
True,False,24926,False,True,2832,20,False,7,Standard,High School Diploma,2,2.0,1,1,0,0,1,0,0,False,False,1,0,False,1,0,False,False,False,False,False,False,True,False,False,False,False,False,4,0,0,1,298.75,0.0,0.0,0.0,0.0,0.0,0.0,False,False,False,False,False,1,0.0,-1
False,True,16094,False,False,4347,12,False,5,Standard,Less than HS diploma,0,2.0,0,6,3,0,2,1,3,False,False,2,0,False,2,1,False,False,False,False,True,True,False,False,False,False,False,False,3,0,0,1,126.3333333,0.0,0.0,0.0,0.0,0.984168865,0.963720317,False,True,False,False,True,1,1.0,-1
False,True,4168,False,True,3337,8,False,6,High,Less than HS diploma,3,0.0,0,10,6,3,5,3,5,False,False,1,1,False,3,0,False,False,False,False,False,True,True,False,False,False,False,False,4,1,1,3,43.85714286,0.0,0.0,0.0,0.0,1.0,2.0,False,True,True,False,False,1,1.0,-1
False,True,18076,False,True,4899,11,False,1,Unspecified,Less than HS diploma,3,2.0,0,4,1,0,1,1,2,False,False,1,2,False,1,1,False,False,False,False,True,True,False,False,False,True,False,False,0,6,0,0,9.9,0.0,0.100000001,0.0,0.0,0.0,0.0,False,True,False,True,False,0,1.0,-1
False,True,1456,False,False,3842,17,False,4,Standard,High School Diploma,0,3.0,1,9,6,2,3,3,5,True,False,3,4,True,3,2,False,True,False,False,False,True,True,True,False,False,False,False,0,4,0,0,41.08333333,0.0,0.0,0.0,0.0,0.0,0.0,False,True,False,True,False,1,1.0,-1
False,True,13154,False,False,4347,9,False,8,High,At least some college,0,2.0,0,10,2,0,5,4,4,False,False,3,1,False,3,1,True,False,False,True,False,True,False,False,False,False,False,False,0,3,0,2,4,0.100000001,0.0,0.050000001,0.0,0.0,0.0,False,True,False,True,False,1,1.0,-1
True,False,1815,False,False,3337,18,True,5,Standard,Less than HS diploma,0,2.0,3,4,3,2,0,2,3,False,False,1,2,True,0,1,True,False,False,True,False,True,False,False,False,False,True,False,4,0,0,0,207.6666667,0.0,0.0,0.0,0.0,0.0,0.0,False,False,False,False,False,0,0.0,-1
False,True,9061,False,False,4899,24,False,2,Unspecified,High School Diploma,2,0.0,1,10,6,1,5,2,5,False,True,3,4,False,3,1,True,False,False,False,False,True,True,False,False,False,False,False,0,6,0,2,83.16666667,0.0,0.0,0.0,0.0,0.529058116,1.463927856,False,True,True,False,False,1,1.0,-1
True,False,22133,True,False,1822,14,False,8,High,Less than HS diploma,0,0.0,0,4,1,1,0,2,2,True,False,2,0,False,0,2,False,False,False,False,False,True,False,False,False,False,False,False,0,0,0,1,12.9047619,0.0,0.0,0.0,0.0,0.184501845,2.021678967,False,False,False,False,False,0,0.0,-1
False,True,19470,False,False,2327,14,False,6,High,At least some college,3,1.0,0,3,3,1,0,1,1,True,False,1,1,False,0,1,False,False,False,False,False,True,False,False,False,False,False,False,0,0,0,0,177.6666667,0.0,0.0,0.0,0.0,0.123827392,0.685272045,False,True,True,False,False,1,1.0,-1
False,True,12401,False,True,4347,17,False,3,Unspecified,At least some college,3,0.0,1,6,3,3,2,0,1,True,False,3,0,True,0,0,True,False,True,False,False,True,False,False,False,False,False,False,0,0,0,1,126.3333333,0.0,0.0,0.0,0.0,1.0,1.927440633,False,True,False,True,False,1,1.0,-1
True,False,2676,False,True,3842,2,False,5,Unspecified,High School Diploma,3,1.0,1,6,1,2,1,2,1,False,False,2,0,True,0,1,False,False,False,True,False,False,False,False,True,False,False,False,0,0,0,0,215.6666667,0.0,0.0,0.0,0.0,1.0,0.564528594,False,False,False,False,False,1,0.0,-1
False,True,24552,False,True,1822,19,True,5,Standard,Less than HS diploma,0,0.0,0,5,1,1,0,2,1,False,False,2,1,False,0,1,True,False,False,False,True,True,True,False,False,True,False,True,1,10,2,0,83.6,0.0,0.0,0.0,0.0,0.600478469,0.873803828,False,True,False,True,False,1,1.0,-1
True,False,11057,False,False,2832,3,False,10,Specialized,High School Diploma,0,2.0,2,2,1,0,1,2,1,False,False,1,0,False,1,1,False,False,False,False,True,False,True,True,False,False,False,False,0,5,0,0,345.5,0.5,0.0,0.0,0.0,1.0,1.057163531,False,False,False,False,False,1,0.0,-1
True,False,16612,True,True,3337,17,False,4,Standard,At least some college,0,2.0,0,5,4,1,4,0,2,False,False,0,1,False,1,0,False,False,False,False,False,True,True,True,False,False,False,False,0,10,0,0,132.6363636,0.0,0.0,0.0,0.090909094,0.161069225,0.751028101,False,False,False,False,False,0,0.0,-1
True,False,5107,False,False,4899,24,False,5,Standard,Less than HS diploma,1,0.0,1,7,5,0,0,5,1,False,True,1,2,False,0,1,False,False,True,False,True,True,True,False,False,False,False,False,0,0,0,0,40.1,0.0,0.0,0.0,0.0,0.0,0.0,True,False,False,False,False,1,0.0,-1
False,True,3329,False,True,3337,11,False,5,Standard,High School Diploma,2,0.0,0,10,4,2,3,5,1,False,True,3,2,False,1,2,True,False,True,False,False,True,False,False,False,True,False,True,0,6,0,0,96.5,0.0,0.0,0.0,0.0,0.0,0.0,False,True,False,True,False,1,1.0,-1
False,True,24048,False,True,2327,5,True,7,Standard,High School Diploma,2,0.0,1,8,6,3,1,4,5,True,True,0,4,True,0,2,False,True,False,False,False,True,True,False,False,True,False,False,1,4,3,2,10.70588235,0.05882353,0.0,0.0,0.117647059,0.0,0.0,False,True,True,False,False,1,1.0,-1
False,True,10804,False,True,3337,14,True,5,Standard,High School Diploma,3,0.0,0,5,5,0,2,2,1,False,False,1,1,False,1,1,True,False,False,False,False,True,False,False,False,False,False,False,0,5,0,0,91.2,0.0,0.0,0.0,0.0,0.197368421,0.800986842,False,True,False,False,True,0,1.0,-1
True,False,6977,False,True,2832,6,False,8,High,High School Diploma,1,0.0,1,8,6,3,3,2,5,True,True,1,2,False,2,2,True,False,True,False,False,True,True,False,False,False,False,False,0,0,0,1,40.06666667,0.06666667,0.0,0.0,0.0,1.0,1.21547421,False,False,False,False,False,1,0.0,-1
True,False,15050,False,True,1822,5,False,10,Specialized,Less than HS diploma,1,3.0,2,3,0,1,1,0,0,False,True,1,0,True,1,0,False,False,True,False,True,True,True,True,True,True,False,True,4,10,3,0,104.375,0.25,0.0,0.0,0.0,0.0,0.0,False,False,False,False,False,0,0.0,-1
False,True,9728,False,False,3337,2,False,7,High,Less than HS diploma,0,3.0,0,10,6,0,5,4,5,False,False,3,4,False,3,1,True,False,False,False,False,True,True,False,False,True,False,False,4,10,3,0,21.125,0.1875,0.0,0.0625,0.0625,1.0,1.0,False,True,False,True,False,1,1.0,-1
True,False,12295,False,False,3337,12,False,4,Specialized,At least some college,3,3.0,3,1,2,1,0,0,0,False,False,0,2,False,0,0,False,False,False,False,False,False,False,False,False,False,False,False,0,0,0,1,77.88888889,0.0,0.0,0.0,0.0,1.0,1.042082739,False,False,False,False,False,0,0.0,-1
False,True,12209,False,True,2832,3,True,6,Standard,Less than HS diploma,0,3.0,1,7,2,1,0,2,5,False,True,1,0,False,0,1,False,False,False,False,False,True,True,True,False,False,False,True,0,10,0,2,62.11111111,0.111111112,0.0,0.0,0.0,1.0,3.266994633,False,True,False,True,False,1,1.0,-1
True,False,3197,False,True,3337,20,False,5,Specialized,High School Diploma,3,0.0,1,3,2,1,1,0,1,False,False,0,2,False,1,0,False,False,False,False,True,False,False,True,False,True,False,False,4,1,1,0,35.81818182,0.0,0.0,0.0,0.090909094,0.0,0.0,False,False,False,False,False,0,0.0,-1
False,True,3366,False,True,2832,6,True,10,Specialized,High School Diploma,1,2.0,2,6,4,0,3,2,5,False,True,3,2,False,1,2,True,False,False,True,False,True,False,False,False,True,False,False,4,0,0,1,91.66666667,0.666666687,0.333333343,0.0,0.0,0.0,0.0,False,True,True,False,False,1,1.0,-1
False,True,23405,False,True,4347,19,False,4,Standard,At least some college,3,1.0,1,3,3,3,0,2,0,False,False,1,1,False,0,1,False,False,False,False,False,True,True,False,False,False,False,False,0,0,0,0,56.0952381,0.0,0.0,0.0,0.0,0.255517827,0.620118846,False,True,False,True,False,1,1.0,-1
False,True,9720,False,False,3842,16,False,5,Standard,Less than HS diploma,3,2.0,1,8,3,1,5,1,2,False,False,1,1,False,1,1,False,False,False,False,False,True,True,False,False,False,False,False,0,6,0,0,85.6,0.0,0.0,0.0,0.0,0.904205607,0.85338785,True,True,False,True,False,1,1.0,-1
False,True,17875,False,False,2327,25,True,6,High,High School Diploma,3,2.0,0,10,5,0,5,5,5,False,True,0,3,False,3,1,True,False,True,False,True,True,False,False,False,True,False,False,0,2,3,2,99.75,0.0,0.0,0.0,0.0,0.471177945,2.746240602,False,True,True,False,False,1,1.0,-1
False,True,8279,False,False,2832,7,False,9,Specialized,High School Diploma,3,2.0,0,5,4,0,4,1,4,False,False,1,2,True,1,1,False,False,False,False,False,True,False,False,False,True,False,False,0,1,0,2,230,0.0,0.0,0.0,0.0,1.0,1.588043478,False,True,False,True,False,1,1.0,-1
False,True,5815,False,False,2832,10,True,10,Specialized,High School Diploma,0,2.0,3,6,1,1,4,0,2,False,False,1,0,False,3,0,False,False,False,False,False,True,False,False,False,False,False,False,0,6,0,3,23.36666667,0.0,0.0,0.0,0.0,1.0,1.042082739,False,True,False,True,False,1,1.0,-1
False,True,11458,False,False,2327,24,True,10,Specialized,High School Diploma,1,2.0,1,9,6,0,5,2,2,False,False,3,4,False,1,2,True,True,False,False,True,True,False,False,False,False,False,False,0,0,0,0,91.66666667,0.333333343,0.0,0.0,0.0,0.007272727,1.0,False,True,True,False,False,0,1.0,-1
False,True,11305,False,True,2327,14,True,9,Specialized,Less than HS diploma,0,3.0,3,3,0,0,2,0,2,False,False,1,0,True,1,0,False,False,False,False,False,False,True,True,False,False,False,False,2,0,0,2,17.23076923,0.0,0.0,0.0,0.0,0.535714286,1.0,False,True,True,False,False,1,1.0,-1
False,True,16423,False,True,1822,21,False,10,Specialized,Less than HS diploma,1,3.0,1,3,1,1,0,2,1,True,True,1,0,False,0,1,False,False,False,False,False,True,False,True,False,True,False,False,4,10,3,3,98.8,0.400000006,0.0,0.0,0.0,0.0,0.0,False,True,False,True,False,0,1.0,-1
False,True,9729,False,True,3337,3,False,10,Specialized,Less than HS diploma,0,0.0,3,7,3,2,2,3,2,False,True,2,2,False,1,1,True,False,True,True,False,True,False,False,False,True,False,False,4,8,3,1,39.54545455,0.090909094,0.045454547,0.0,0.0,0.064367816,0.839655172,False,True,False,True,False,1,1.0,-1
False,True,14639,False,True,3842,10,False,5,Standard,High School Diploma,2,3.0,1,10,3,3,3,3,2,False,True,3,4,True,3,1,True,False,False,False,False,False,True,False,True,False,False,False,4,0,0,0,115.375,0.0,0.0,0.0,0.0,0.033586132,0.395720477,False,True,False,True,False,0,1.0,-1
True,False,8845,False,False,4347,21,False,4,Specialized,At least some college,0,4.0,3,7,5,0,2,1,0,False,False,0,1,False,0,0,False,False,False,False,False,True,True,True,False,False,False,False,0,10,0,2,66.84210526,0.0,0.0,0.052631579,0.0,1.0,1.150393701,False,False,False,False,False,1,0.0,-1
False,True,22449,False,False,2327,7,True,7,Standard,High School Diploma,3,1.0,0,2,5,0,0,2,2,False,False,1,1,False,0,1,False,False,False,False,False,True,False,True,False,False,False,False,2,0,0,0,57.4,0.0,0.0,0.200000003,0.0,0.0,0.0,False,True,True,False,False,1,1.0,-1
True,False,24205,False,True,2327,6,True,6,Standard,Less than HS diploma,1,0.0,2,2,1,0,2,0,0,False,False,0,0,False,0,0,False,False,False,False,False,True,True,False,True,True,False,True,3,0,0,2,52.86666667,0.06666667,0.0,0.0,0.0,1.0,1.381778058,False,False,False,False,False,1,0.0,-1
False,True,5304,False,True,4347,21,False,3,Standard,At least some college,3,2.0,1,8,4,1,5,1,2,False,False,3,2,False,3,0,True,False,False,False,False,True,True,True,False,False,False,False,0,6,2,2,98.16666667,0.0,0.0,0.0,0.0,0.879456706,0.620118846,False,True,False,False,True,1,1.0,-1
False,True,20899,False,True,2327,2,True,6,High,Less than HS diploma,1,1.0,0,6,1,0,2,2,1,False,False,1,3,False,2,2,False,False,False,False,False,True,False,False,False,False,False,False,0,0,0,0,14.36363636,0.0,0.0,0.0,0.0,0.0,0.0,False,True,True,False,False,1,1.0,-1
False,True,640,False,True,3842,20,False,4,Standard,High School Diploma,2,1.0,1,5,5,0,0,3,2,False,True,1,4,False,0,2,True,False,True,False,False,True,True,True,False,False,False,False,0,6,1,0,57.4,0.0,0.0,0.0,0.0,0.773519164,0.636324042,False,True,False,True,False,1,1.0,-1
True,False,19609,True,False,3842,20,False,4,Standard,High School Diploma,1,0.0,0,3,0,0,0,2,1,False,False,0,0,False,0,1,False,False,False,False,False,True,False,False,False,False,False,False,0,6,0,0,21.30769231,0.0,0.0,0.0,0.0,1.0,3.0,False,False,False,False,False,1,0.0,-1
True,False,7907,False,False,2832,10,True,7,High,Less than HS diploma,2,1.0,0,3,5,0,2,1,5,False,False,1,1,False,1,1,False,False,False,False,False,True,False,False,False,False,True,False,4,1,0,2,82.8,0.0,0.0,0.0,0.0,1.0,4.411231884,False,False,False,False,False,1,0.0,-1
False,True,22498,False,False,1822,3,False,8,High,Less than HS diploma,0,0.0,0,3,2,0,2,2,0,False,False,1,1,False,1,1,False,False,False,False,False,True,False,False,False,False,False,False,0,9,3,0,53.875,0.125,0.0,0.0,0.0,0.944315545,0.847447796,True,True,False,True,False,1,1.0,-1
False,True,10990,False,False,4347,12,False,3,Specialized,High School Diploma,2,3.0,2,10,6,3,4,2,5,True,False,3,4,True,2,2,True,True,False,False,False,True,True,True,False,False,False,False,0,0,0,2,108.75,0.0,0.0,0.0,0.0,0.351724138,0.419827586,False,True,True,False,False,0,1.0,-1
True,False,2232,True,False,3842,1,False,6,High,High School Diploma,3,1.0,1,7,5,2,0,5,1,False,False,2,4,False,0,2,False,False,False,False,False,True,False,False,False,False,False,False,0,6,0,0,64.2,0.0,0.0,0.0,0.0,1.0,2.0,False,False,False,False,False,0,0.0,-1
True,False,22505,False,True,4899,4,False,1,Standard,Less than HS diploma,2,1.0,1,1,2,1,0,1,0,False,False,0,0,False,0,0,False,False,False,False,False,False,True,False,False,False,False,False,0,0,0,0,252.5,0.0,0.0,0.0,0.0,0.841584158,0.723267327,True,False,False,False,False,0,0.0,-1
False,True,993,False,True,3842,12,False,5,Unspecified,Less than HS diploma,0,0.0,0,10,6,3,2,5,3,False,True,3,4,False,2,1,True,False,True,True,False,False,True,False,False,False,True,False,1,0,0,3,181.6666667,0.0,0.0,0.0,0.0,0.576146789,1.340366972,False,True,False,True,False,0,1.0,-1
False,True,8807,False,True,2327,18,True,7,Specialized,Less than HS diploma,3,3.0,2,5,2,2,2,1,2,False,False,1,2,False,2,0,False,False,False,False,False,False,False,True,False,False,False,False,0,0,0,0,154,0.0,0.0,0.0,0.0,0.680194805,0.592938312,False,True,False,True,False,0,1.0,-1
False,True,9880,False,True,2832,9,False,7,High,At least some college,2,3.0,0,6,4,2,1,2,4,False,False,0,2,False,1,1,False,False,False,False,False,False,False,False,False,False,False,False,0,8,2,0,18.6,0.400000006,0.0,0.0,0.0,0.0,0.0,False,True,False,True,False,1,1.0,-1
False,True,8898,False,True,2327,18,True,10,Unspecified,Less than HS diploma,1,1.0,1,5,4,0,1,0,5,False,False,0,2,False,0,0,True,False,False,True,True,True,False,False,False,True,False,False,4,3,3,0,148.5,0.5,0.0,0.0,0.0,0.0,0.0,False,True,True,False,False,1,1.0,-1
False,True,17798,False,True,2327,9,False,6,High,High School Diploma,3,2.0,0,9,1,0,3,2,4,False,False,0,1,False,1,0,False,False,False,False,False,False,False,False,False,False,False,False,0,0,0,0,80.66666667,0.0,0.0,0.0,0.0,0.954545455,1.0,False,True,False,True,False,1,1.0,-1
False,True,6700,False,True,4899,21,False,3,Standard,High School Diploma,3,2.0,0,9,4,0,5,1,1,False,False,3,3,False,3,0,False,False,False,False,False,False,False,False,False,False,False,False,0,0,0,0,83.6,0.0,0.0,0.0,0.0,0.0,0.0,False,True,True,False,False,1,1.0,-1
False,True,13672,False,True,4899,18,False,4,Standard,Less than HS diploma,3,2.0,2,10,6,3,2,2,5,False,True,3,4,True,1,1,False,False,True,False,False,True,False,True,False,False,False,False,0,2,0,0,234,0.0,0.0,0.0,0.0,0.0,0.0,False,True,False,True,False,1,1.0,-1
True,False,22214,True,False,2327,3,False,9,Specialized,High School Diploma,1,2.0,3,8,0,1,5,1,0,False,False,1,0,False,3,0,False,False,False,False,False,False,False,False,False,False,False,False,0,0,0,1,589.5,0.0,0.0,0.0,0.0,0.489821883,0.464694656,True,False,False,False,False,1,0.0,-1
False,True,15932,True,True,2832,25,False,1,Standard,Less than HS diploma,1,2.0,1,10,6,3,5,0,5,False,False,2,4,False,3,0,True,False,False,False,False,True,True,False,False,False,False,False,1,7,1,1,80.57142857,0.0,0.0,0.0,0.0,0.856382979,0.323803191,True,True,False,False,True,0,1.0,-1
True,False,601,False,False,4347,19,False,6,Specialized,High School Diploma,1,4.0,1,7,2,1,0,0,3,False,False,2,0,False,0,0,False,False,False,False,False,False,False,True,False,False,False,False,0,0,0,0,102.5,0.0,0.0,0.0,0.0,1.0,1.0,False,False,False,False,False,1,0.0,-1
False,True,5927,False,True,4899,2,False,3,Standard,High School Diploma,0,3.0,1,8,6,3,5,1,5,False,False,3,4,True,3,0,True,True,False,False,False,True,True,True,False,False,False,False,0,0,3,0,20.44444444,0.0,0.111111112,0.0,0.0,0.0,0.0,False,True,False,True,False,1,1.0,-1
True,False,22622,False,False,4347,10,False,2,Standard,At least some college,0,0.0,1,4,4,1,1,1,0,False,True,0,4,True,0,1,False,False,True,False,False,True,True,False,False,False,False,False,4,10,2,3,34.57142857,0.0,0.0,0.057142857,0.0,0.670247934,0.301859504,True,False,False,False,False,1,0.0,-1
False,True,8887,False,True,3337,11,False,8,High,High School Diploma,2,1.0,1,10,6,2,1,5,5,False,True,3,4,False,1,2,True,False,False,False,False,True,True,False,False,False,False,False,0,6,0,1,32.13333333,0.06666667,0.0,0.06666667,0.0,1.0,2.273340249,False,True,True,False,False,0,1.0,-1
True,False,5864,False,False,2832,18,False,8,Specialized,At least some college,1,2.0,1,10,4,1,5,0,5,True,False,0,0,False,2,0,True,False,False,False,False,False,False,True,False,True,False,False,1,10,3,3,25.48,0.0,0.0,0.0,0.0,0.856357928,1.720172684,False,False,False,False,False,0,0.0,-1
True,False,2152,False,False,4899,9,True,6,High,Less than HS diploma,0,3.0,3,4,0,3,0,0,0,False,True,3,0,True,1,0,False,False,True,False,False,False,False,False,False,False,False,False,0,0,0,1,48.16666667,0.0,0.0,0.0,0.0,0.712802768,0.758304498,False,False,False,False,False,1,0.0,-1
False,True,12439,False,True,3337,9,False,5,Standard,High School Diploma,2,1.0,3,6,5,0,1,2,2,False,False,3,4,False,1,2,True,False,False,False,False,True,False,False,False,False,False,False,1,10,0,0,24.05,0.025,0.0,0.025,0.0,0.686070686,0.379677755,False,True,False,False,True,1,1.0,-1
True,False,99,False,False,4899,11,False,6,Specialized,High School Diploma,1,1.0,3,10,6,2,0,5,5,False,True,3,4,False,0,2,True,False,False,False,False,True,False,False,False,False,False,False,3,5,0,1,43.57142857,0.0,0.0,0.0,0.0,0.0,0.0,False,False,False,False,False,1,0.0,-1
True,False,18515,False,True,1822,4,False,6,Specialized,High School Diploma,0,3.0,1,2,0,1,1,0,0,False,True,0,0,False,0,0,False,False,False,False,False,False,True,True,False,False,False,False,0,0,0,0,49.3,0.0,0.0,0.0,0.0,0.101419878,0.740872211,False,False,False,False,False,1,0.0,-1
False,True,9893,False,True,2327,4,False,5,Standard,Less than HS diploma,3,3.0,1,4,0,1,0,0,3,False,False,0,0,False,0,0,False,False,False,False,False,False,True,False,False,False,False,False,0,0,0,1,274.5,0.0,0.0,0.0,0.0,0.117486339,0.332650273,False,True,True,False,False,1,1.0,-1
False,True,17584,False,True,2832,9,False,5,Standard,At least some college,1,1.0,0,4,0,0,1,2,1,False,False,0,0,False,0,0,False,False,False,False,False,False,False,False,False,False,False,False,0,0,0,0,165.3333333,0.0,0.0,0.0,0.0,0.0,0.0,False,True,True,False,False,1,1.0,-1
False,True,18524,False,True,2327,8,True,6,High,Less than HS diploma,1,1.0,0,6,4,0,1,5,2,False,False,2,3,False,1,1,True,False,False,False,True,True,True,False,False,False,False,False,0,5,1,1,32.63636364,0.090909094,0.0,0.0,0.0,0.378830084,1.0,False,True,True,False,False,1,1.0,-1
True,False,15121,False,True,2327,7,False,9,Specialized,High School Diploma,1,3.0,3,2,0,1,0,1,0,False,False,0,0,False,0,1,False,False,False,False,False,True,True,True,False,False,False,False,0,0,0,0,252.6666667,0.0,0.0,0.0,0.333333343,0.960422164,0.481860158,False,False,False,False,False,1,0.0,-1
True,False,25452,False,True,4347,12,False,3,Standard,Less than HS diploma,2,0.0,0,1,1,0,0,1,0,False,True,0,0,False,0,1,False,False,True,False,False,False,False,True,False,False,False,False,0,0,0,2,243.2,0.0,0.0,0.0,0.0,0.850328947,0.300370066,False,False,False,False,False,1,0.0,-1
True,False,11465,False,True,2327,7,False,9,Specialized,Less than HS diploma,1,1.0,2,4,4,0,0,4,2,False,False,2,3,False,0,2,False,False,False,True,False,True,True,False,False,False,False,False,0,6,0,0,92.16666667,0.0,0.0,0.0,0.0,0.0,0.0,True,False,False,False,False,1,0.0,-1
True,False,24897,False,True,2832,6,False,4,Standard,At least some college,3,0.0,0,2,1,0,1,1,0,False,True,0,1,False,0,0,False,False,True,False,False,True,False,False,False,True,False,False,0,10,0,0,21.86666667,0.111111112,0.0,0.0,0.0,1.0,0.742378049,False,False,False,False,False,1,0.0,-1
False,True,13789,True,False,3842,4,False,3,Standard,At least some college,3,3.0,0,8,3,0,3,1,5,False,False,0,0,False,1,0,False,False,False,False,False,True,True,True,False,False,False,False,0,0,0,0,62.83333333,0.0,0.0,0.0,0.0,0.968169761,0.968832891,True,True,False,True,False,1,1.0,-1
False,True,15143,False,True,2327,8,False,8,High,Less than HS diploma,1,0.0,2,4,4,0,4,1,3,False,False,1,1,True,1,1,False,False,False,False,True,True,False,True,False,False,False,False,0,0,0,2,659.5,0.5,0.0,0.0,0.0,0.06823351,0.276914329,False,True,True,False,False,1,1.0,-1
True,False,13090,False,False,1822,1,False,7,High,Less than HS diploma,0,2.0,0,4,0,0,2,0,1,False,False,1,0,False,1,0,False,False,False,True,False,False,True,False,False,False,False,False,0,0,0,1,41.3,0.0,0.0,0.0,0.0,1.0,0.884382567,False,False,False,False,False,1,0.0,-1
False,True,18153,False,True,1822,20,False,9,Specialized,High School Diploma,0,2.0,0,3,2,1,3,0,0,False,False,0,1,False,2,0,False,False,False,False,True,False,False,False,False,False,False,False,0,0,0,3,383,0.0,0.0,0.0,0.0,0.800261097,3.337793734,False,True,False,False,True,0,1.0,-1
False,True,15258,False,False,2327,24,True,8,High,Less than HS diploma,0,2.0,1,5,6,0,2,4,4,False,False,0,4,False,1,2,False,False,False,False,False,True,False,True,False,False,False,False,4,0,0,1,41.90909091,0.181818187,0.0,0.090909094,0.0,0.0,0.0,False,True,False,False,True,1,1.0,-1
True,False,12248,False,False,3337,9,False,5,Standard,High School Diploma,3,2.0,0,8,6,1,5,2,5,False,False,2,4,False,2,1,True,False,False,False,True,True,True,False,False,False,False,False,0,0,0,0,40.55555556,0.0,0.0,0.0,0.0,1.0,3.0,False,False,False,False,False,0,0.0,-1
True,False,9355,True,False,3337,4,False,5,Standard,Less than HS diploma,3,2.0,2,5,0,0,0,3,1,False,False,1,0,False,0,0,False,False,False,False,False,True,False,False,False,False,False,False,0,7,0,2,150.3,0.0,0.0,0.0,0.0,0.952095808,0.729041916,False,False,False,False,False,1,0.0,-1
True,False,25625,False,True,2327,21,False,1,Standard,At least some college,3,0.0,3,0,0,0,0,0,0,False,False,0,0,False,0,0,False,False,False,False,False,False,False,False,False,True,False,False,1,5,0,0,24.17647059,0.0,0.0,0.0,0.0,0.97810219,0.444343066,False,False,False,False,False,0,0.0,-1
True,False,17267,True,True,2327,21,False,6,High,At least some college,0,3.0,3,1,0,1,0,0,0,False,True,0,0,False,0,0,False,False,False,False,False,True,True,True,False,True,False,False,0,0,0,1,272.5,0.0,0.0,0.0,0.0,0.0,0.0,False,False,False,False,False,0,0.0,-1
False,True,20918,False,False,1822,22,False,8,High,High School Diploma,0,1.0,0,6,4,0,1,3,4,False,False,0,1,False,0,1,False,False,False,False,False,False,False,False,False,False,False,False,0,0,0,1,73.2,0.0,0.0,0.0,0.0,0.721311475,0.99795082,False,True,True,False,False,0,1.0,-1
False,True,4156,False,True,4347,22,False,2,Standard,Less than HS diploma,1,1.0,0,9,6,1,2,5,2,False,False,1,4,False,0,1,True,False,False,False,False,True,False,False,False,False,False,False,0,4,3,0,114.6666667,0.0,0.0,0.0,0.0,0.059108527,0.353924419,False,True,True,False,False,0,1.0,-1
False,True,3002,False,False,3842,18,False,6,Specialized,High School Diploma,3,1.0,1,10,4,0,5,5,4,False,False,3,2,False,2,2,True,False,False,False,False,True,False,False,False,False,False,False,0,7,3,0,383,0.0,0.0,1.0,0.0,0.0,0.0,False,True,True,False,False,1,1.0,-1
False,True,17080,False,True,1822,6,True,10,Specialized,Less than HS diploma,0,2.0,1,4,0,0,2,0,1,False,False,2,0,False,2,0,False,False,False,False,False,False,True,False,False,False,False,False,1,10,2,0,12.85714286,0.125,0.0,0.0,0.017857144,0.066666667,0.507291667,False,True,False,True,False,1,1.0,-1
False,True,19821,False,True,2327,7,False,7,Specialized,Less than HS diploma,3,3.0,3,5,0,2,1,0,0,False,True,1,0,False,0,0,False,False,False,False,False,True,True,True,False,True,False,True,0,0,0,3,132,0.0,0.0,0.0,0.0,0.114718615,0.790584416,False,True,False,True,False,0,1.0,-1
False,True,9412,False,False,2832,16,True,9,Standard,At least some college,2,1.0,1,9,4,0,3,4,4,False,True,0,0,False,0,2,False,False,False,True,False,True,False,False,False,True,False,False,1,0,1,2,18.6,0.0,0.0,0.0,0.0,0.0,0.0,False,True,True,False,False,0,1.0,-1
True,False,6667,False,True,2832,20,False,8,High,Less than HS diploma,3,3.0,2,3,1,1,1,0,2,False,True,0,0,False,0,0,False,False,False,False,False,True,False,False,False,False,False,True,4,0,0,0,731,0.5,0.0,0.0,0.0,0.016415869,0.249829001,False,False,False,False,False,1,0.0,-1
False,True,14907,False,True,2327,5,False,9,Specialized,High School Diploma,1,2.0,3,7,0,0,3,0,0,False,False,1,0,False,1,0,False,False,False,False,False,True,True,False,False,False,False,True,4,1,0,0,27.875,0.0,0.375,0.0,0.0,0.143497758,1.0,False,True,True,False,False,0,1.0,-1
False,True,6405,False,False,2832,1,False,9,Specialized,High School Diploma,2,2.0,2,9,6,1,5,0,5,False,False,2,4,False,3,0,True,False,False,False,False,False,True,False,False,False,False,False,0,0,0,1,28.44444444,0.0,0.0,0.0,0.0,1.0,3.0,False,True,True,False,False,1,1.0,-1
False,True,22881,False,True,2327,10,False,5,Standard,Less than HS diploma,0,1.0,0,10,6,1,5,4,5,False,False,0,4,True,3,1,False,False,False,False,False,True,False,False,False,False,False,False,0,5,3,0,155.3333333,0.0,0.0,0.0,0.0,0.0,0.0,False,True,True,False,False,1,1.0,-1
False,True,4981,False,False,4899,7,False,3,Specialized,Less than HS diploma,0,3.0,3,4,5,2,0,0,0,False,False,0,3,True,0,0,False,False,False,False,False,True,True,True,True,True,False,False,4,10,0,0,286,0.0,0.0,0.0,0.0,0.944055944,1.277097902,False,True,False,True,False,1,1.0,-1
False,True,20576,False,False,2327,3,True,10,Specialized,High School Diploma,2,3.0,1,5,2,1,0,1,4,False,True,0,1,False,0,0,False,False,False,False,False,False,False,True,True,True,False,True,4,3,0,3,46.09090909,0.272727281,0.0,0.0,0.0,0.457593688,2.161242604,False,True,False,True,False,1,1.0,-1
False,True,775,False,False,3337,17,False,1,Standard,High School Diploma,1,2.0,1,10,5,1,5,1,5,False,False,3,3,False,3,1,True,False,False,False,False,True,True,True,False,False,False,False,0,10,3,3,98.25,0.0,0.0,0.0,0.0,0.118320611,0.464694656,False,True,True,False,False,0,1.0,-1
False,True,7901,False,False,2832,16,False,4,Standard,Less than HS diploma,1,0.0,0,8,4,0,5,2,3,True,False,1,2,False,2,0,False,False,False,False,False,False,False,False,False,True,True,True,0,0,0,1,43.72727273,0.0,0.0,0.0,0.0,1.0,2.278066528,False,True,False,True,False,1,1.0,-1
True,False,14705,False,False,1822,17,False,7,Specialized,Less than HS diploma,0,4.0,3,1,0,1,0,0,0,False,False,1,0,False,0,0,False,False,False,False,False,False,False,False,False,False,False,True,0,0,0,2,16.76190476,0.0,0.0,0.0,0.0,0.399147727,1.037642045,False,False,False,False,False,1,0.0,-1
True,False,16159,True,False,3337,3,False,10,Specialized,High School Diploma,3,2.0,2,6,3,0,5,1,0,False,False,1,0,False,2,1,False,False,False,False,False,True,True,False,False,False,False,False,0,0,0,0,305,0.0,0.0,0.0,0.0,0.981967213,0.898155738,True,False,False,False,False,1,0.0,-1
True,False,16840,False,True,2327,20,False,9,Specialized,High School Diploma,3,0.0,0,2,0,0,2,0,0,False,True,2,0,False,1,0,False,False,True,False,False,True,True,False,False,False,False,False,0,10,0,2,139.125,0.125,0.0,0.0,0.0,0.870619946,0.656334232,False,False,False,False,False,0,0.0,-1
True,False,19245,True,True,2327,4,False,7,Specialized,High School Diploma,1,2.0,2,3,3,0,3,1,0,False,False,1,0,False,1,0,False,False,False,False,False,False,False,True,False,False,False,False,0,0,0,1,72.71428571,0.0,0.0,0.0,0.0,0.787819253,1.435166994,False,False,False,False,False,1,0.0,-1
False,True,21033,False,False,1822,2,False,9,Specialized,High School Diploma,0,2.0,0,3,1,0,2,0,1,False,False,0,0,False,0,0,False,False,False,False,True,True,False,True,False,False,False,False,0,4,0,3,12.8,0.200000003,0.0,0.0,0.0,1.0,2.0,False,True,True,False,False,1,1.0,-1
False,True,18572,False,True,1822,22,False,6,High,High School Diploma,1,0.0,0,2,0,1,0,1,1,False,True,0,0,False,0,1,False,False,False,False,False,True,False,False,False,False,False,False,0,0,0,2,23.8125,0.0,0.0,0.0,0.0,0.916010499,1.917322835,False,True,False,True,False,0,1.0,-1
True,False,6672,False,False,2832,21,True,3,Unspecified,High School Diploma,2,0.0,0,9,1,0,0,0,5,False,False,2,1,False,0,0,True,False,False,False,True,True,False,True,True,False,False,False,0,10,3,0,35.22222222,0.0,0.0,0.0,0.0,0.870662461,2.0,False,False,False,False,False,0,0.0,-1
True,False,1972,False,False,3842,25,False,5,Standard,Less than HS diploma,1,2.0,1,7,6,3,2,3,5,False,False,3,4,True,2,2,True,False,False,False,True,True,True,False,False,False,False,False,0,9,1,0,66.5,0.0,0.0,0.0,0.071428575,0.046186896,0.784640172,False,False,False,False,False,1,0.0,-1
True,False,15829,False,False,3337,16,False,5,Specialized,At least some college,0,4.0,3,2,0,1,0,0,0,False,False,1,0,False,0,0,False,False,False,False,False,False,False,False,False,False,False,False,0,10,0,0,11.9047619,0.0,0.0,0.0,0.0,0.0,0.0,True,False,False,False,False,0,0.0,-1
False,True,13134,False,True,3842,25,False,4,Specialized,Less than HS diploma,3,3.0,1,10,6,2,5,0,4,True,True,3,4,True,1,0,True,False,False,False,False,False,True,True,False,False,False,False,0,0,0,1,39.42857143,0.0,0.0,0.0,0.0,0.344202899,1.0,True,True,False,False,True,1,1.0,-1
False,True,20805,False,True,3337,25,True,4,Specialized,High School Diploma,1,0.0,0,10,6,3,3,2,4,False,False,2,4,True,3,0,True,True,False,False,False,False,False,True,False,True,False,False,4,10,2,0,35.9,0.200000003,0.0,0.0,0.0,0.596100279,1.0,False,True,True,False,False,1,1.0,-1
True,False,22251,False,False,3842,24,False,7,High,High School Diploma,3,3.0,1,4,5,1,1,1,1,True,False,0,3,True,1,1,False,False,False,False,True,True,True,False,False,False,False,False,3,1,0,0,128.2,0.200000003,0.0,0.0,0.0,0.0,0.0,False,False,False,False,False,0,0.0,-1
False,True,10842,False,True,3337,14,False,1,Unspecified,Less than HS diploma,3,1.0,2,5,5,0,1,5,2,False,False,2,1,False,0,2,False,False,False,True,False,False,False,False,False,False,False,False,0,2,0,0,26.63636364,0.090909094,0.0,0.0,0.0,1.0,1.0,False,True,False,True,False,0,1.0,-1
True,False,19495,False,False,2327,3,False,8,Specialized,Less than HS diploma,0,2.0,1,3,1,0,4,0,1,False,False,0,0,False,2,0,True,False,False,False,False,False,False,True,False,False,False,False,0,0,0,0,33.54545455,0.0,0.0,0.0,0.0,1.0,2.969512195,False,False,False,False,False,1,0.0,-1
False,True,14988,False,False,2327,13,False,4,Standard,High School Diploma,0,0.0,0,6,0,0,1,2,3,False,True,2,1,False,0,1,True,False,True,False,True,True,False,False,False,False,False,False,0,0,0,1,47.66666667,0.0,0.0,0.0,0.0,0.0,0.0,False,True,True,False,False,0,1.0,-1
False,True,7305,False,False,4347,24,False,4,Unspecified,High School Diploma,3,3.0,1,5,6,2,4,0,3,True,False,1,4,True,1,0,True,True,False,False,False,True,True,True,False,False,False,False,0,0,0,1,159.6666667,0.0,0.0,0.0,0.0,0.826722338,1.525052192,True,True,True,False,False,1,1.0,-1
True,False,22226,True,False,2327,3,False,7,High,High School Diploma,3,2.0,1,2,0,0,2,0,0,False,False,0,0,False,1,0,False,False,False,False,False,True,True,False,False,True,False,True,4,10,0,3,15.71428571,0.0,0.025974026,0.038961038,0.0,0.810743802,2.716735537,True,False,False,False,False,0,0.0,-1
False,True,21965,False,True,2327,1,False,9,Specialized,High School Diploma,1,0.0,0,4,2,0,0,3,1,False,False,2,1,False,0,2,False,False,False,False,False,False,False,False,False,False,False,False,0,10,0,1,46.58333333,0.166666672,0.0,0.0,0.0,1.0,1.96019678,False,True,False,True,False,1,1.0,-1
False,True,19014,True,False,2832,24,False,5,Standard,High School Diploma,1,0.0,1,2,3,0,1,1,2,False,False,0,0,False,0,0,False,False,False,False,False,True,True,False,False,False,False,True,0,6,0,3,32.64705882,0.0,0.0,0.019607844,0.0,0.096696697,0.219369369,False,True,False,True,False,0,1.0,-1
True,False,11794,False,False,4347,24,False,3,Standard,Less than HS diploma,1,2.0,1,6,5,0,3,1,5,False,False,3,4,False,3,0,True,False,False,False,False,True,True,False,False,False,True,True,0,4,1,1,24.71428571,0.035714287,0.0,0.0,0.0,1.0,2.111271676,False,False,False,False,False,1,0.0,-1
True,False,12279,False,False,3842,22,False,3,Specialized,High School Diploma,3,4.0,3,3,1,1,1,1,1,False,False,1,0,False,1,0,False,False,False,False,False,False,False,True,False,False,False,False,0,10,0,0,19.05263158,0.0,0.0,0.0,0.0,1.0,1.0,True,False,False,False,False,1,0.0,-1
True,False,22959,False,False,2327,23,False,10,Standard,Less than HS diploma,0,3.0,3,4,5,0,2,1,5,False,False,0,1,False,2,0,True,False,False,False,False,True,True,True,False,False,True,False,1,0,0,0,109.6,0.06666667,0.0,0.0,0.0,0.773114355,0.444343066,False,False,False,False,False,0,0.0,-1
False,True,19424,False,True,1822,8,False,6,Specialized,High School Diploma,3,4.0,1,2,1,0,1,0,0,False,False,0,0,False,0,0,False,False,False,False,False,False,True,True,True,True,False,False,4,10,3,0,24.05555556,0.0,0.0,0.0,0.0,0.2147806,0.843533487,False,True,False,True,False,1,1.0,-1
False,True,146,False,False,3337,14,False,3,Standard,At least some college,3,1.0,0,4,4,1,1,2,0,False,False,0,3,False,0,0,False,False,False,False,False,True,False,True,False,False,False,False,2,6,0,0,10.48148148,0.0,0.0,0.037037037,0.0,1.0,2.0,False,True,False,False,True,0,1.0,-1
False,True,20514,False,False,3337,14,False,5,Standard,Less than HS diploma,3,1.0,1,10,3,1,2,3,5,False,False,3,2,True,1,2,True,False,False,False,False,True,False,False,False,False,False,False,3,2,1,0,83.2,0.0,0.0,0.0,0.0,0.0,0.0,False,True,False,True,False,1,1.0,-1
True,False,9124,False,True,2327,8,False,6,Specialized,At least some college,3,3.0,3,3,0,1,0,0,0,False,True,1,0,False,0,0,False,False,False,False,False,False,False,False,False,False,False,False,0,10,0,0,64.25,0.0,0.0,0.0,0.0,0.986381323,0.355301556,False,False,False,False,False,1,0.0,-1
False,True,4125,False,False,4347,10,False,1,Specialized,High School Diploma,0,0.0,1,10,6,2,5,0,5,True,False,3,2,False,3,0,True,False,False,False,False,True,True,False,False,False,False,False,0,8,0,3,66.52941176,0.0,0.0,0.0,0.05882353,0.467727675,0.645888594,False,True,True,False,False,1,1.0,-1
False,True,24380,True,False,1822,22,False,7,High,High School Diploma,2,0.0,0,1,6,0,3,1,1,False,False,1,2,False,2,1,False,False,False,False,False,True,False,False,False,False,False,False,2,10,3,0,26.21052632,0.0,0.0,0.105263159,0.0,0.234939759,0.733433735,False,True,True,False,False,1,1.0,-1
True,False,12102,False,True,3842,6,False,6,High,At least some college,3,1.0,3,8,1,1,2,4,2,False,True,2,1,True,1,1,True,False,False,False,False,False,False,False,False,False,False,False,0,0,0,1,590.5,0.0,0.0,0.0,0.0,0.99915326,0.309271804,False,False,False,False,False,1,0.0,-1
True,False,8101,False,False,4899,18,False,9,Specialized,High School Diploma,0,2.0,3,4,0,0,2,0,2,False,False,1,0,False,1,0,False,False,False,True,False,True,True,True,False,False,True,False,4,0,0,1,487.6666667,0.333333343,0.0,0.0,0.0,0.0,0.0,False,False,False,False,False,1,0.0,-1
False,True,7125,False,True,2327,4,False,7,High,Less than HS diploma,3,0.0,1,7,6,3,2,4,5,True,False,0,4,False,1,0,True,False,False,False,False,True,True,False,False,True,False,False,4,10,0,1,88.83333333,0.5,0.166666672,0.0,0.0,0.0,0.0,False,True,True,False,False,1,1.0,-1
False,True,10312,False,True,2327,21,False,8,High,High School Diploma,0,0.0,0,5,1,0,1,3,2,False,True,0,1,False,1,1,False,False,False,False,False,False,False,False,False,True,False,False,4,10,2,0,42.72727273,0.272727281,0.0,0.0,0.0,0.461702128,0.77712766,False,True,True,False,False,1,1.0,-1
True,False,5393,False,False,4347,16,False,9,Specialized,High School Diploma,3,2.0,1,10,6,0,2,5,4,False,False,3,4,False,2,2,True,False,False,False,False,False,False,False,False,False,False,False,0,0,0,0,238.3333333,0.0,0.0,0.0,0.0,0.988811189,0.510839161,False,False,False,False,False,1,0.0,-1
False,True,23641,False,True,1822,7,True,7,Standard,Less than HS diploma,2,2.0,0,6,3,0,5,0,2,False,False,0,3,False,1,1,False,False,False,False,False,True,False,False,False,False,False,False,0,0,0,1,22.83333333,0.0,0.0,0.0,0.0,0.0,0.0,False,True,True,False,False,1,1.0,-1
True,False,16621,False,True,1822,14,True,10,Specialized,Less than HS diploma,2,0.0,1,3,1,1,1,2,2,False,True,1,2,False,1,1,False,False,True,True,False,True,True,True,False,True,False,False,4,2,2,2,22.9,0.100000001,0.0,0.0,0.0,0.0,0.0,False,False,False,False,False,1,0.0,-1
False,True,17561,False,True,2327,2,False,7,Specialized,High School Diploma,1,3.0,3,1,0,1,0,0,0,False,False,0,0,False,0,0,False,False,False,False,False,True,True,True,True,False,False,False,0,8,0,0,19.35294118,0.05882353,0.0,0.0,0.0,0.431610942,1.0,False,True,True,False,False,0,1.0,-1
False,True,15181,False,True,2327,19,True,7,High,Less than HS diploma,2,0.0,1,4,2,1,0,1,2,False,True,2,1,False,0,1,True,False,True,False,False,True,False,False,False,False,False,False,0,6,0,1,45.83333333,0.0,0.0,0.0,0.0,0.847272727,1.0,False,True,False,False,True,0,1.0,-1
True,False,7072,False,True,3842,5,True,4,Specialized,High School Diploma,0,0.0,0,10,2,1,3,1,5,False,True,3,1,False,2,0,True,False,False,False,True,True,False,True,True,False,False,False,4,2,0,3,84.78571429,0.214285716,0.214285716,0.0,0.0,0.964616681,0.307708509,False,False,False,False,False,1,0.0,-1
False,True,16820,False,True,2832,9,True,5,Specialized,High School Diploma,2,3.0,3,2,4,1,0,2,1,False,False,0,1,False,0,0,False,False,False,False,False,False,True,True,True,False,False,False,4,10,3,0,21.83870968,0.032258064,0.0,0.0,0.0,0.0,0.0,False,True,False,True,False,0,1.0,-1
True,False,21037,False,True,4347,1,False,4,High,Less than HS diploma,3,2.0,0,10,6,1,5,2,5,False,False,3,4,False,3,1,True,False,False,False,False,True,False,False,False,True,True,False,3,5,0,0,18.75,0.020833334,0.020833334,0.0,0.041666668,0.196666667,0.811666667,True,False,False,False,False,1,0.0,-1
False,True,21895,False,False,4899,24,False,10,Specialized,Less than HS diploma,0,3.0,3,10,6,2,5,1,2,False,True,3,4,True,3,1,False,False,True,True,False,True,False,True,False,False,False,False,0,8,1,0,20.41666667,0.083333336,0.0,0.083333336,0.0,0.869387755,1.0,False,True,False,True,False,0,1.0,-1
True,False,12659,True,False,2832,22,False,3,Standard,Less than HS diploma,3,2.0,0,3,0,0,2,0,1,False,False,0,0,False,0,0,False,False,False,False,False,True,False,False,False,False,False,False,0,0,0,2,68.33333333,0.0,0.0,0.0,0.0,0.617073171,0.890853659,False,False,False,False,False,0,0.0,-1
True,False,20479,False,True,2327,4,False,9,Specialized,High School Diploma,2,0.0,1,4,2,0,0,4,3,False,True,0,1,False,0,2,False,False,True,False,False,True,True,True,False,False,False,False,0,9,2,0,147.5,0.5,0.0,0.0,0.0,0.603389831,2.0,False,False,False,False,False,0,0.0,-1
False,True,15276,False,False,3337,14,False,7,Standard,Less than HS diploma,1,2.0,2,10,6,0,5,5,5,False,False,3,4,True,3,2,True,False,False,False,False,True,True,True,False,False,False,False,3,7,2,0,32.23076923,0.15384616,0.0,0.07692308,0.0,0.0,0.0,False,True,True,False,False,0,1.0,-1
False,True,7267,False,False,2832,15,False,5,Standard,High School Diploma,1,0.0,1,9,4,0,4,2,5,False,True,1,2,False,3,0,True,False,True,False,False,True,True,False,False,True,True,True,4,6,0,0,20.69230769,0.0,0.0,0.07692308,0.0,0.0,0.0,False,True,True,False,False,1,1.0,-1
True,False,24949,False,True,2327,4,False,5,Standard,At least some college,1,3.0,0,1,1,1,0,0,1,False,False,0,0,False,0,0,False,False,False,False,False,False,True,True,False,False,False,False,0,10,0,1,77.42857143,0.0,0.0,0.0,0.0,0.0,0.0,True,False,False,False,False,0,0.0,-1
True,False,6946,False,True,2832,15,False,5,Standard,High School Diploma,0,1.0,0,6,4,0,1,4,1,False,False,0,4,False,0,2,True,False,False,False,False,True,False,False,False,False,False,False,0,6,0,0,82.8,0.0,0.0,0.0,0.0,0.0,0.0,False,False,False,False,False,1,0.0,-1
False,True,21397,False,True,1822,19,True,1,Standard,Less than HS diploma,0,0.0,2,6,0,0,1,2,1,False,False,1,0,False,0,0,True,False,False,False,True,True,True,False,False,True,True,False,1,0,0,0,16.83333333,0.0,0.0,0.0,0.0,0.0,0.0,False,True,True,False,False,1,1.0,-1
True,False,22043,False,True,4899,15,False,3,Standard,At least some college,3,0.0,0,2,3,2,1,0,0,True,True,0,2,True,0,0,False,False,False,False,True,True,False,False,False,False,False,False,0,6,0,0,30.625,0.0,0.0,0.0,0.0,0.983673469,1.0,False,False,False,False,False,1,0.0,-1
False,True,18811,False,True,2327,21,True,6,Standard,Less than HS diploma,0,0.0,1,4,2,0,0,4,1,False,True,2,1,False,0,2,False,False,False,True,False,True,True,False,False,False,False,False,0,0,0,0,155.3333333,0.0,0.0,0.0,0.0,0.0,0.0,False,True,True,False,False,1,1.0,-1
False,True,18151,False,False,3842,14,False,7,High,High School Diploma,0,2.0,3,10,3,0,5,0,3,False,False,3,1,False,3,0,True,False,False,False,False,True,True,False,False,False,False,False,0,6,0,1,136.8333333,0.0,0.0,0.0,0.0,0.887941535,1.77953715,False,True,False,False,True,0,1.0,-1
False,True,2342,False,True,4347,4,False,8,High,High School Diploma,2,2.0,1,10,6,1,5,1,5,False,False,3,4,False,3,0,True,False,False,False,False,True,False,False,False,False,False,False,2,9,1,3,613,0.0,0.0,0.0,0.0,0.567699837,0.595840131,False,True,False,False,True,1,1.0,-1
False,True,23210,False,True,2327,11,False,6,High,Less than HS diploma,0,0.0,0,1,6,1,0,4,1,False,False,0,4,False,0,2,True,False,True,False,False,True,False,False,False,False,False,False,0,0,0,3,10.42857143,0.0,0.0,0.0,0.0,0.0,0.0,False,True,True,False,False,1,1.0,-1
True,False,16419,False,True,2327,3,False,6,High,High School Diploma,1,0.0,0,2,0,0,0,2,0,False,False,0,0,False,0,0,False,False,False,False,True,True,False,False,False,False,False,False,0,7,0,0,59.25,0.0,0.0,0.0,0.0,0.0,0.0,False,False,False,False,False,1,0.0,-1
False,True,9161,False,False,3842,25,False,5,Standard,Less than HS diploma,0,2.0,1,10,6,3,5,0,5,True,False,3,4,True,3,0,False,True,False,False,False,True,True,False,False,True,True,True,4,4,3,1,28.29166667,0.0,0.083333336,0.041666668,0.0,0.407952872,1.075846834,True,True,False,True,False,0,1.0,-1
False,True,14876,False,True,1822,22,True,8,High,Less than HS diploma,1,1.0,0,3,1,0,0,2,1,False,True,2,1,False,0,2,False,False,True,False,False,True,True,False,False,True,False,False,0,6,0,1,51.14285714,0.0,0.0,0.0,0.0,0.539106145,1.0,False,True,True,False,False,1,1.0,-1
False,True,9621,False,False,2832,14,False,4,Standard,High School Diploma,1,0.0,0,7,4,0,2,5,3,False,True,1,4,False,0,2,False,False,False,False,False,True,False,False,False,False,False,False,2,3,0,1,9.8,0.100000001,0.0,0.100000001,0.0,1.0,1.0,False,True,True,False,False,1,1.0,-1
False,True,20803,False,True,1822,19,True,7,High,Less than HS diploma,0,2.0,0,5,0,0,3,0,2,False,True,3,0,False,1,0,False,False,True,False,True,False,False,False,False,True,False,False,1,0,0,0,54.25,0.0,0.0,0.0,0.0,1.0,1.0,False,True,True,False,False,1,1.0,-1
True,False,24711,False,True,3337,21,False,4,Standard,At least some college,1,3.0,0,6,6,3,3,2,3,True,False,1,4,True,0,0,False,True,False,False,False,True,True,True,False,False,False,False,0,10,2,1,15.47619048,0.142857149,0.0,0.0,0.0,1.0,3.0,False,False,False,False,False,1,0.0,-1
True,False,6522,False,True,2832,8,False,9,Specialized,High School Diploma,1,0.0,2,6,1,0,1,4,3,False,True,3,0,False,0,2,True,False,True,True,False,False,False,False,False,False,False,False,0,1,0,2,209.5,0.0,0.0,0.0,0.0,1.0,1.307577566,False,False,False,False,False,1,0.0,-1
False,True,16070,False,False,2832,17,False,4,Standard,High School Diploma,0,1.0,0,4,3,0,2,2,0,False,False,0,2,False,2,0,False,False,False,False,True,False,False,False,False,False,False,False,0,9,0,0,41.11111111,0.111111112,0.0,0.0,0.0,1.0,2.961486486,False,True,False,True,False,1,1.0,-1
True,False,13845,False,False,3842,8,False,7,Specialized,High School Diploma,0,4.0,3,1,0,1,0,0,0,False,False,0,0,True,0,0,False,False,False,False,False,True,True,True,False,False,False,False,0,9,0,0,19.875,0.0,0.0,0.0,0.0,0.0,0.0,False,False,False,False,False,1,0.0,-1
False,True,3064,False,True,3842,6,False,7,Standard,High School Diploma,1,3.0,1,10,6,3,5,0,3,False,False,3,2,True,3,0,False,True,False,False,False,False,True,True,False,False,False,False,1,0,0,1,103.3333333,0.0,0.0,0.0,0.0,0.916129032,1.0,False,True,True,False,False,1,1.0,-1
True,False,1433,False,True,3337,5,True,7,Standard,Less than HS diploma,1,1.0,2,10,3,3,2,2,2,False,True,3,2,False,1,2,True,True,False,False,False,False,True,False,False,False,False,False,0,0,0,3,57.90909091,0.0,0.0,0.0,0.0,0.147566719,1.14678179,False,False,False,False,False,1,0.0,-1
False,True,907,False,False,3842,17,False,9,Specialized,High School Diploma,0,2.0,1,10,6,0,5,1,3,False,False,3,2,False,3,1,False,False,False,False,True,True,True,False,False,False,False,True,0,0,0,3,149.25,0.0,0.0,0.0,0.0,1.0,2.447236181,False,True,False,True,False,1,1.0,-1
False,True,1926,False,True,3842,3,False,6,Standard,Less than HS diploma,3,1.0,2,6,6,0,1,5,1,False,True,3,3,False,0,2,False,False,True,False,False,True,True,False,False,False,False,False,0,0,0,0,76.7,0.0,0.0,0.0,0.0,0.868318123,0.952411995,False,True,False,False,True,0,1.0,-1
True,False,17699,False,True,2327,6,True,7,Specialized,Less than HS diploma,3,3.0,2,5,4,2,0,2,2,False,True,0,3,True,0,2,True,False,False,False,False,True,True,True,False,False,False,False,0,0,0,3,477,0.5,0.0,0.0,0.0,0.858490566,0.382861635,True,False,False,False,False,0,0.0,-1
False,True,13332,False,True,3842,24,False,4,Unspecified,High School Diploma,3,3.0,1,7,6,3,0,5,4,False,False,1,4,True,0,2,True,False,False,True,False,True,False,True,False,False,False,False,0,0,0,1,83.8,0.0,0.0,0.0,0.0,1.0,1.743436754,True,True,False,False,True,1,1.0,-1
True,False,22726,False,True,4347,20,False,3,Standard,Less than HS diploma,1,1.0,2,1,6,3,1,1,0,True,True,0,4,True,0,0,False,True,True,False,False,True,True,False,False,False,False,False,1,10,3,0,60.28571429,0.0,0.0,0.0,0.0,0.0,0.0,True,False,False,False,False,1,0.0,-1
False,True,14449,False,True,2832,6,False,9,Standard,Less than HS diploma,0,0.0,0,7,1,1,5,0,2,False,True,2,1,True,3,0,False,False,True,False,False,True,False,True,False,False,False,False,0,6,0,0,6.470588235,0.05882353,0.0,0.0,0.0,0.0,0.0,False,True,False,False,True,1,1.0,-1
False,True,16352,False,True,1822,8,True,6,Specialized,High School Diploma,0,3.0,3,3,0,2,1,0,0,False,False,0,0,False,0,0,False,False,False,False,False,False,True,True,True,False,False,False,0,5,1,2,57.4,0.200000003,0.0,0.0,0.0,0.703832753,1.0,False,True,True,False,False,1,1.0,-1
False,True,1812,True,True,4899,19,False,8,Standard,Less than HS diploma,3,2.0,3,10,2,0,5,2,5,False,False,3,3,False,3,0,True,False,False,False,True,False,True,False,False,False,False,False,0,0,0,1,38.71428571,0.0,0.0,0.0,0.0,0.996309963,1.0,False,True,False,True,False,1,1.0,-1
True,False,24884,False,True,2327,12,False,5,Standard,At least some college,0,3.0,1,1,1,1,0,1,0,False,True,0,0,False,0,0,False,False,False,False,False,False,True,True,False,False,False,False,4,1,0,0,93.33333333,0.0,0.0,0.0,0.0,0.0,0.652232143,False,False,False,False,False,1,0.0,-1
True,False,1311,True,False,4347,12,False,2,Unspecified,High School Diploma,2,2.0,0,10,6,0,5,2,5,False,False,3,1,False,3,0,True,False,False,False,False,False,False,False,False,False,False,False,0,0,0,2,28.42857143,0.0,0.0,0.0,0.0,0.72361809,1.0,False,False,False,False,False,0,0.0,-1
True,False,2534,False,True,3842,21,False,6,High,High School Diploma,2,2.0,3,10,1,1,5,2,1,False,True,3,1,True,3,1,False,False,False,True,False,True,True,False,False,False,False,False,0,4,1,1,75.14285714,0.0,0.0,0.0,0.0,0.984790875,0.347195817,False,False,False,False,False,1,0.0,-1
True,False,9892,False,False,2327,14,False,9,Specialized,At least some college,0,2.0,1,7,4,0,1,4,5,False,False,1,2,False,0,2,False,False,False,False,False,False,False,False,False,False,False,False,0,0,0,3,40.375,0.0,0.0,0.0,0.0,0.962848297,0.565402477,False,False,False,False,False,1,0.0,-1
True,False,15013,False,True,2327,2,False,0,Unspecified,Less than HS diploma,1,2.0,2,2,2,0,3,0,0,False,False,1,1,False,2,0,False,False,False,False,False,False,True,False,False,True,False,False,0,1,0,3,37.28571429,0.285714298,0.0,0.0,0.0,0.463601533,1.0,False,False,False,False,False,0,0.0,-1
True,False,10881,False,False,4347,17,False,3,Standard,At least some college,0,0.0,0,7,5,0,3,4,1,False,False,1,0,False,0,2,False,False,True,False,False,True,False,False,False,True,True,False,4,6,3,2,79.21428571,0.0,0.0,0.142857149,0.0,0.549143372,0.329350766,False,False,False,False,False,0,0.0,-1
False,True,21388,False,True,4899,1,False,2,Standard,High School Diploma,3,3.0,1,2,2,2,0,0,1,True,False,1,1,True,0,0,False,True,False,False,False,False,True,True,False,False,True,False,2,0,0,1,216.3333333,0.0,0.0,0.0,0.0,0.859784284,0.562788906,False,True,False,True,False,1,1.0,-1
True,False,19140,False,False,3337,13,False,4,Standard,At least some college,0,3.0,3,1,5,2,0,0,1,True,False,1,1,True,0,0,False,False,False,False,False,True,True,True,False,False,False,False,0,0,0,0,183.8,0.0,0.0,0.0,0.0,0.867247008,0.794885745,False,False,False,False,False,1,0.0,-1
False,True,6914,False,True,2832,21,False,5,Standard,At least some college,2,0.0,0,2,1,0,0,2,0,False,True,0,0,False,0,1,False,False,True,False,False,True,False,False,False,False,False,False,4,0,0,0,8.529411765,0.0,0.0,0.0,0.019607844,1.0,0.839655172,False,True,False,True,False,1,1.0,-1
False,True,9202,False,False,4347,16,False,4,Unspecified,Less than HS diploma,2,2.0,1,10,6,1,5,4,4,False,True,1,1,False,2,0,False,False,True,False,True,True,False,False,False,False,False,False,0,6,0,0,50.16666667,0.0,0.0,0.0,0.0,0.817275748,1.0,True,True,False,False,True,1,1.0,-1
True,False,25381,True,False,3842,1,False,4,Standard,At least some college,3,0.0,0,1,2,1,1,0,0,False,False,0,0,False,0,0,False,False,False,False,False,True,False,False,False,False,False,False,0,6,2,0,49.1,0.0,0.0,0.0,0.0,0.119144603,0.37194501,False,False,False,False,False,1,0.0,-1
False,True,2351,False,True,2832,9,False,1,Standard,High School Diploma,3,2.0,2,10,6,3,5,1,5,True,False,3,4,True,3,0,False,True,False,False,False,True,True,False,False,False,False,False,0,10,1,0,36.9375,0.0625,0.125,0.0625,0.0,0.0,0.0,False,True,True,False,False,1,1.0,-1
True,False,12492,False,True,3337,14,False,7,High,Less than HS diploma,3,1.0,1,4,3,1,1,4,0,False,False,0,2,True,0,2,False,False,False,False,False,True,False,False,False,False,False,False,0,0,0,0,148.4,0.0,0.0,0.0,0.0,1.0,0.984501348,False,False,False,False,False,0,0.0,-1
True,False,14101,True,True,4899,17,False,3,Standard,At least some college,3,2.0,1,5,2,1,4,0,1,False,False,1,1,True,1,0,False,False,False,False,True,False,True,False,False,False,False,False,0,0,0,3,128.2,0.0,0.0,0.0,0.0,0.981279251,0.569812793,False,False,False,False,False,1,0.0,-1
False,True,12909,False,True,3337,25,False,4,Specialized,High School Diploma,2,3.0,3,8,6,3,3,2,5,False,True,3,4,True,3,0,True,False,True,False,False,False,False,False,False,False,False,False,0,3,0,1,158.75,0.0,0.0,0.0,0.0,0.486614173,0.287598425,False,True,False,True,False,1,1.0,-1
False,True,9931,False,False,2327,16,True,10,Specialized,Less than HS diploma,3,3.0,3,7,4,2,5,0,5,False,False,1,4,True,3,0,True,True,False,True,False,False,False,False,False,False,False,False,0,10,3,1,96.6,0.0,0.0,0.0,0.0,0.82815735,2.26863354,False,True,False,True,False,1,1.0,-1
False,True,7469,False,True,2832,22,False,7,High,Less than HS diploma,3,3.0,2,5,6,2,1,1,5,False,False,3,4,True,1,1,True,False,False,False,False,True,True,False,False,False,False,False,0,0,0,0,680.6666667,0.0,0.0,0.0,0.0,0.597453477,0.715475024,False,True,False,False,True,1,1.0,-1
True,False,1121,True,False,4899,5,False,7,Specialized,Less than HS diploma,1,3.0,3,9,6,3,4,2,2,False,False,3,3,True,2,2,True,False,False,False,False,True,True,True,True,False,False,False,0,9,0,1,52.25,0.0,0.0,0.0,0.0,0.0,0.0,False,False,False,False,False,0,0.0,-1
True,False,25789,False,False,2327,24,False,7,High,High School Diploma,2,0.0,0,6,6,1,4,2,0,True,True,0,4,False,2,1,False,False,False,False,False,True,False,True,False,False,False,False,0,0,0,2,23.95,0.0,0.0,0.0,0.0,0.93006263,0.381263048,False,False,False,False,False,1,0.0,-1
False,True,4211,False,True,4347,6,False,3,Standard,High School Diploma,3,3.0,3,10,5,3,2,3,2,False,True,2,3,True,0,1,False,False,True,False,False,True,True,True,False,False,False,False,0,6,0,0,21.72,0.0,0.0,0.0,0.0,0.0,0.0,False,True,False,True,False,1,1.0,-1
False,True,6224,True,False,3842,7,False,4,Standard,At least some college,2,0.0,0,8,6,0,5,3,3,False,False,2,2,False,2,1,False,False,False,False,False,True,False,False,False,False,False,False,0,0,0,1,63.28571429,0.0,0.0,0.0,0.0,0.169300226,0.824492099,True,True,True,False,False,1,1.0,-1
False,True,12382,False,False,2327,3,False,8,High,Less than HS diploma,1,2.0,0,4,1,0,3,0,2,False,False,1,1,False,2,0,True,False,False,False,False,False,False,False,False,False,False,False,0,7,2,1,107.25,0.5,0.0,0.0,0.0,1.0,3.405594406,True,True,False,False,True,1,1.0,-1
False,True,17212,True,False,4347,4,False,4,Standard,At least some college,2,0.0,0,4,6,0,0,3,4,False,False,0,2,False,0,1,False,False,False,False,False,True,False,False,False,False,False,False,1,2,0,1,80.14285714,0.0,0.0,0.0,0.0,0.0,0.0,False,True,False,True,False,1,1.0,-1
True,False,24415,False,False,3337,4,False,6,Standard,Less than HS diploma,3,1.0,1,1,0,0,0,1,0,False,False,0,0,False,0,1,False,False,False,False,False,True,False,False,False,False,False,False,0,0,0,3,155.2,0.0,0.0,0.0,0.0,0.0,0.0,False,False,False,False,False,1,0.0,-1
False,True,7132,False,False,2832,20,False,0,Specialized,High School Diploma,2,3.0,1,8,2,1,1,1,4,False,False,1,1,True,0,1,False,False,False,False,False,True,True,False,False,False,False,False,0,0,0,1,54.25,0.25,0.0,0.0,0.0,0.276497696,1.0,False,True,True,False,False,1,1.0,-1
False,True,20137,False,True,3337,3,True,1,Specialized,High School Diploma,1,3.0,3,8,2,2,1,5,4,False,False,3,3,True,1,2,True,False,True,False,False,True,False,False,False,True,False,False,1,7,1,2,233.1666667,0.166666672,0.166666672,0.0,0.166666672,0.0,0.0,False,True,True,False,False,1,1.0,-1
False,True,10581,False,True,2327,2,False,7,Specialized,Less than HS diploma,0,0.0,3,4,2,1,1,2,3,False,True,0,1,False,0,0,True,False,False,False,False,True,True,True,True,False,True,False,0,3,3,0,43.375,0.0,0.0,0.0,0.0,0.328530259,1.0,False,True,True,False,False,0,1.0,-1
False,True,668,False,True,2832,1,True,0,Unspecified,Less than HS diploma,0,2.0,0,10,5,0,5,1,1,False,False,3,2,False,3,0,False,False,True,False,False,True,True,False,False,False,False,False,0,0,2,0,190.5,0.5,0.0,0.0,0.0,0.0,0.0,False,True,True,False,False,0,1.0,-1
False,True,16556,False,True,2832,21,False,7,High,High School Diploma,1,0.0,0,5,4,0,2,3,3,False,True,0,1,False,0,2,False,False,True,False,False,False,False,False,False,False,False,False,0,0,0,0,172.3333333,0.0,0.0,0.0,0.0,0.541586074,0.706479691,False,True,False,False,True,0,1.0,-1
True,False,11717,True,True,3337,11,False,10,Standard,Less than HS diploma,3,1.0,1,4,0,1,1,0,2,False,False,3,0,True,0,1,True,False,False,False,False,True,True,False,False,False,False,False,2,5,1,1,18.75,0.0,0.0,0.0,0.0,1.0,1.948,False,False,False,False,False,1,0.0,-1
True,False,24639,False,True,3337,11,False,4,Standard,Less than HS diploma,2,3.0,1,10,5,3,0,5,0,True,True,0,3,True,0,1,False,False,False,False,False,False,True,True,False,False,False,False,0,0,0,0,20.54545455,0.0,0.0,0.0,0.0,0.663716814,1.0,False,False,False,False,False,0,0.0,-1
True,False,5018,False,False,4899,12,False,1,Standard,High School Diploma,1,1.0,0,3,6,0,2,2,0,False,False,0,4,False,0,1,False,False,False,False,False,True,False,False,False,False,False,False,0,6,0,0,30.625,0.0,0.0,0.0,0.0,0.159183673,1.0,False,False,False,False,False,1,0.0,-1
True,False,17210,False,False,2327,7,False,10,Specialized,High School Diploma,1,2.0,1,4,5,0,4,1,0,False,False,0,2,False,1,1,False,False,False,False,False,True,True,False,False,False,False,False,2,0,0,0,91.6,0.0,0.0,0.0,0.0,0.096069869,0.797489083,False,False,False,False,False,1,0.0,-1
False,True,20893,False,True,4347,4,False,5,Unspecified,High School Diploma,2,2.0,0,10,2,1,5,3,5,False,False,3,1,True,3,2,False,False,False,False,False,True,True,False,False,True,False,True,4,7,0,1,35.09090909,0.0,0.272727281,0.0,0.0,0.955958549,2.83873057,False,True,False,True,False,1,1.0,-1
True,False,20490,False,True,2832,17,False,7,High,Less than HS diploma,1,3.0,0,9,3,3,1,2,3,True,False,0,1,False,0,1,False,False,False,False,True,True,False,True,False,True,False,False,0,9,2,0,146,1.0,0.0,0.0,0.0,0.369863014,1.0,False,False,False,False,False,1,0.0,-1
False,True,16054,False,True,3842,23,False,2,Standard,At least some college,0,0.0,3,3,2,1,1,2,0,False,False,0,1,False,0,0,False,False,False,False,False,False,False,False,False,False,False,False,1,1,0,0,151.75,0.25,0.0,0.0,0.0,0.072487644,0.601729819,False,True,True,False,False,0,1.0,-1
True,False,3634,False,True,4899,25,False,2,Standard,Less than HS diploma,3,0.0,1,10,6,3,5,5,1,False,False,3,2,True,3,1,False,True,False,False,False,True,True,False,False,False,False,False,0,10,0,0,23.06666667,0.0,0.0,0.0,0.0,0.0,0.0,True,False,False,False,False,1,0.0,-1
False,True,3287,False,True,3337,22,False,9,Standard,High School Diploma,1,2.0,2,10,6,3,5,4,5,True,False,1,4,True,3,2,True,False,False,False,False,True,False,False,False,False,False,False,0,0,0,0,137.8,0.200000003,0.200000003,0.0,0.400000006,0.068214804,0.53011611,False,True,False,True,False,1,1.0,-1
False,True,20725,False,False,2832,3,False,7,High,Less than HS diploma,0,0.0,0,7,2,0,2,5,2,False,True,3,0,False,0,2,False,False,True,True,False,True,True,False,False,False,False,False,0,0,0,0,200.6666667,0.0,0.0,0.0,0.0,1.0,1.820182724,False,True,False,True,False,1,1.0,-1
False,True,3223,False,True,3337,6,False,4,Specialized,High School Diploma,3,3.0,3,5,4,1,3,0,2,False,True,1,1,True,0,0,False,False,True,False,False,False,False,False,False,False,False,False,0,0,0,1,75.875,0.0,0.0,0.0,0.0,0.731466227,1.203459638,False,True,False,True,False,1,1.0,-1
True,False,83,False,True,3842,3,False,7,High,High School Diploma,0,1.0,2,10,2,2,2,5,5,False,True,2,2,True,1,2,True,False,False,False,False,True,False,False,False,False,False,False,0,4,0,1,69.3,0.0,0.0,0.0,0.0,0.227994228,0.527056277,False,False,False,False,False,1,0.0,-1
False,True,23798,False,False,4899,13,False,1,Standard,At least some college,3,0.0,0,2,5,0,0,0,3,False,False,0,3,False,0,0,False,False,False,False,False,True,True,False,False,False,False,False,0,5,0,0,41.9,0.0,0.0,0.0,0.0,0.0,0.0,False,True,True,False,False,1,1.0,-1
False,True,20355,False,False,3337,11,False,7,High,At least some college,2,1.0,0,8,6,0,1,5,5,False,False,3,4,False,0,2,True,False,False,True,False,True,False,False,False,False,False,False,1,0,0,1,54.25,0.125,0.0,0.125,0.0,0.140552995,0.841589862,False,True,True,False,False,1,1.0,-1
True,False,21851,False,True,2327,8,False,6,High,High School Diploma,3,0.0,0,2,0,0,0,2,0,False,False,1,0,False,0,1,False,False,False,False,False,False,False,False,False,False,False,False,0,0,0,0,117.8,0.0,0.0,0.0,0.0,0.910865874,0.930178268,False,False,False,False,False,0,0.0,-1
True,False,9594,False,False,3337,1,False,4,Unspecified,Less than HS diploma,2,1.0,1,9,6,1,0,2,5,False,True,0,4,False,0,0,True,False,False,True,False,True,True,False,False,True,False,False,3,0,0,0,344,0.0,0.0,0.333333343,0.0,0.888565891,0.353924419,False,False,False,False,False,1,0.0,-1
True,False,5165,True,False,4347,3,False,3,Standard,High School Diploma,3,2.0,0,8,3,1,5,0,2,False,False,0,1,True,1,0,False,False,False,False,True,True,False,True,False,False,False,True,0,9,0,2,134.3333333,0.0,0.0,0.0,0.0,0.0,0.0,False,False,False,False,False,1,0.0,-1
False,True,14341,False,True,1822,18,False,7,High,High School Diploma,0,2.0,2,5,3,0,3,0,4,False,True,2,3,False,2,0,True,False,True,False,False,True,True,True,False,True,False,False,4,0,0,0,94.16666667,0.0,0.0,0.0,0.0,0.486725664,1.292920354,False,True,False,True,False,1,1.0,-1
True,False,554,False,False,4899,12,False,2,Unspecified,At least some college,3,2.0,0,10,6,3,5,3,1,False,False,3,4,True,2,1,False,False,False,False,False,False,False,False,False,False,False,False,0,0,0,1,27.44444444,0.0,0.0,0.0,0.0,1.0,3.0,False,False,False,False,False,1,0.0,-1
True,False,23797,False,True,2832,15,False,4,Standard,At least some college,2,3.0,2,1,0,1,0,0,0,False,False,1,0,True,0,0,False,False,False,False,False,False,True,True,False,False,False,False,0,0,0,0,70.3,0.0,0.0,0.0,0.0,0.998577525,1.558677098,False,False,False,False,False,0,0.0,-1
False,True,9567,False,True,3337,1,False,5,High,High School Diploma,3,0.0,0,10,3,0,5,0,1,False,True,3,1,False,3,0,True,False,True,False,True,False,True,False,False,True,False,False,0,0,0,1,94.8,0.0,0.0,0.0,0.0,0.0,0.0,False,True,False,True,False,1,1.0,-1
False,True,6814,False,False,3842,5,False,9,High,High School Diploma,3,2.0,3,8,2,0,5,0,3,False,True,1,2,False,2,0,True,False,True,False,False,True,False,True,False,False,False,False,0,0,0,1,47.09090909,0.0,0.090909094,0.0,0.0,1.0,2.11534749,False,True,False,True,False,1,1.0,-1
False,True,13657,True,True,2832,16,False,10,Specialized,High School Diploma,0,2.0,2,10,6,1,5,3,5,False,False,3,4,True,3,2,True,False,False,True,False,False,False,False,False,False,False,False,0,6,0,0,288,0.0,0.0,0.0,0.0,0.347222222,0.845486111,False,True,True,False,False,0,1.0,-1
True,False,11666,False,True,2327,14,True,7,High,At least some college,3,3.0,3,1,1,1,0,0,0,False,False,0,0,True,0,0,False,False,False,False,False,False,True,True,False,False,True,False,4,8,1,3,121.1,0.300000012,0.0,0.0,0.0,1.0,0.603220479,False,False,False,False,False,1,0.0,-1
False,True,1338,False,True,2832,4,False,6,High,High School Diploma,0,2.0,0,9,4,0,3,0,5,False,True,3,1,False,2,0,False,False,False,False,True,True,True,True,False,False,False,False,1,0,0,3,443,0.0,0.0,0.0,0.0,0.316027088,1.236738149,False,True,True,False,False,1,1.0,-1
True,False,25466,False,True,1822,12,False,6,Standard,Less than HS diploma,0,3.0,0,2,1,1,1,1,0,False,False,0,0,False,0,0,False,False,False,False,False,False,False,True,True,False,False,False,2,9,1,0,16.1,0.200000003,0.100000001,0.0,0.0,0.0,0.0,False,False,False,False,False,1,0.0,-1
True,False,6165,False,True,3337,19,False,6,High,High School Diploma,3,0.0,1,4,3,0,1,4,3,False,False,2,1,False,0,2,True,False,False,False,False,True,True,False,False,False,True,False,1,10,3,1,39.28571429,0.0,0.047619049,0.0,0.0,0.938787879,0.221363636,True,False,False,False,False,0,0.0,-1
False,True,8345,False,False,3337,4,False,4,Standard,At least some college,2,2.0,0,4,5,0,2,2,4,False,False,1,3,False,1,1,False,False,False,False,False,True,False,False,False,False,False,False,4,0,0,0,75.875,0.125,0.0,0.0,0.0,0.797364086,0.601729819,True,True,False,True,False,1,1.0,-1
True,False,8318,False,True,2327,4,False,10,Specialized,Less than HS diploma,0,3.0,3,6,0,1,1,4,2,False,True,0,0,True,0,1,False,False,True,False,False,False,False,False,False,False,False,False,4,0,0,0,146,0.25,0.0,0.0,0.0,0.0,0.0,False,False,False,False,False,1,0.0,-1
True,False,9710,False,True,2832,12,False,9,Specialized,High School Diploma,2,2.0,2,6,6,0,1,5,5,False,True,0,3,False,0,0,True,False,False,False,False,True,True,False,False,True,False,False,2,4,2,2,18.42105263,0.0,0.0,0.0,0.0,0.915238095,0.347857143,False,False,False,False,False,1,0.0,-1
False,True,23807,False,False,3337,25,False,5,Standard,Less than HS diploma,3,1.0,0,4,2,0,1,1,2,True,False,1,0,False,1,1,False,False,False,False,True,True,True,False,False,False,False,False,0,6,1,1,28.13333333,0.0,0.0,0.0,0.0,0.753554502,1.731042654,False,True,True,False,False,1,1.0,-1
False,True,11206,True,False,2327,7,False,9,High,High School Diploma,0,2.0,1,8,4,0,5,2,4,False,False,1,2,False,2,1,True,False,False,False,False,True,True,False,False,True,True,False,0,0,0,3,114.6666667,0.0,0.0,0.333333343,0.0,1.0,2.0,True,True,True,False,False,1,1.0,-1
True,False,18506,False,True,4899,11,False,5,Standard,At least some college,3,2.0,2,3,2,0,4,0,0,False,False,0,1,False,2,0,False,False,False,False,False,True,True,False,False,True,False,False,0,0,0,2,42.7,0.0,0.100000001,0.0,0.0,0.662763466,1.710772834,False,False,False,False,False,1,0.0,-1
False,True,13033,False,True,4899,10,False,4,Standard,High School Diploma,3,2.0,3,7,2,1,4,0,0,False,False,1,1,False,1,0,False,False,False,False,False,False,False,False,False,False,False,False,0,0,0,1,127.8333333,0.0,0.0,0.0,0.0,0.707953064,0.476205997,False,True,False,False,True,0,1.0,-1
True,False,2825,False,True,4899,5,False,10,Specialized,High School Diploma,1,3.0,2,10,5,3,5,0,3,False,False,3,0,True,3,0,False,False,False,False,True,True,True,True,False,False,False,False,0,10,0,0,66.5,0.0,0.0,0.0,0.0,0.899749373,2.746240602,False,False,False,False,False,1,0.0,-1
False,True,10761,False,False,4899,11,False,4,Standard,At least some college,0,3.0,2,4,6,3,2,1,1,False,False,1,2,True,1,1,False,True,True,False,False,True,True,True,False,False,False,False,0,0,0,3,44.93333333,0.0,0.0,0.0,0.0,0.059347181,0.541913947,True,True,False,False,True,1,1.0,-1
True,False,25179,False,False,4347,15,False,2,Standard,At least some college,3,0.0,0,3,1,0,1,1,0,False,False,0,0,False,0,0,False,False,False,False,False,False,False,True,False,False,False,False,0,0,0,0,11.66666667,0.0,0.0,0.0,0.0,0.0,0.0,False,False,False,False,False,1,0.0,-1
False,True,3988,False,True,3842,21,False,4,Standard,At least some college,3,0.0,2,4,6,3,1,0,2,False,False,1,3,True,2,0,False,False,False,False,False,False,True,False,False,False,False,False,0,0,0,0,218.3333333,0.0,0.0,0.0,0.0,1.0,1.115267176,False,True,False,True,False,0,1.0,-1
True,False,23961,False,True,2832,6,False,7,High,At least some college,3,0.0,0,2,3,1,0,3,0,False,False,0,1,False,0,0,False,False,False,False,False,False,False,False,False,False,False,False,0,0,0,0,275,1.0,0.0,0.0,0.0,0.123636364,1.0,False,False,False,False,False,1,0.0,-1
True,False,5183,False,False,3842,17,False,2,Unspecified,Less than HS diploma,3,2.0,3,10,6,3,5,2,3,True,False,3,3,True,3,2,False,False,False,False,False,True,False,False,False,False,False,False,0,8,0,3,17.23809524,0.0,0.0,0.0,0.0,1.0,3.0,False,False,False,False,False,1,0.0,-1
False,True,21298,True,False,3337,4,False,9,Specialized,At least some college,3,1.0,0,2,5,0,1,2,2,False,False,0,0,False,0,0,False,False,False,False,False,True,False,False,False,True,False,True,3,10,0,2,16.33333333,0.0,0.0,0.0,0.0,1.0,2.484693878,True,True,False,True,False,1,1.0,-1
False,True,2090,False,True,4899,8,False,5,High,Less than HS diploma,0,2.0,2,10,6,1,5,2,4,False,False,3,2,False,3,1,True,False,False,True,False,True,True,False,False,False,False,False,0,10,3,0,29.73333333,0.0,0.06666667,0.0,0.0,0.477578475,1.637892377,False,True,False,False,True,0,1.0,-1
False,True,16298,False,True,2327,10,True,7,Standard,High School Diploma,2,3.0,3,3,0,2,0,0,0,False,False,0,0,False,0,0,False,False,False,False,False,True,True,True,True,False,True,False,4,1,3,0,9.9,0.100000001,0.0,0.0,0.0,0.831649832,0.61489899,True,True,False,True,False,1,1.0,-1
True,False,5048,False,False,4899,19,False,3,Standard,Less than HS diploma,3,1.0,0,3,0,0,0,3,0,False,True,1,0,False,0,1,False,False,False,False,True,True,False,False,False,False,False,False,0,6,1,0,33.16666667,0.0,0.0,0.0,0.0,0.959798995,0.611809045,False,False,False,False,False,0,0.0,-1
False,True,19986,False,True,2832,3,True,8,Standard,Less than HS diploma,3,0.0,1,8,0,1,0,3,3,False,False,3,0,True,0,2,True,False,False,True,False,True,True,False,False,False,False,False,4,6,3,1,161.2,0.200000003,0.0,0.0,0.0,0.717121588,0.453163772,False,True,False,True,False,1,1.0,-1
True,False,24375,False,False,3337,13,False,6,Standard,At least some college,3,3.0,1,1,0,1,0,0,0,False,False,1,0,False,0,0,False,False,True,False,False,True,True,True,False,False,False,False,0,6,0,1,28.25,0.0,0.0,0.0,0.0,0.0,0.0,True,False,False,False,False,1,0.0,-1
False,True,21693,False,True,3337,15,False,4,Specialized,Less than HS diploma,3,3.0,2,3,2,1,1,0,2,False,False,0,1,True,0,0,False,True,False,False,False,True,True,True,True,True,False,False,1,0,0,1,16.33333333,0.0,0.0,0.0,0.0,0.18877551,1.0,False,True,True,False,False,1,1.0,-1
False,True,575,False,False,3842,18,False,7,High,Less than HS diploma,3,1.0,1,5,6,1,0,3,5,False,False,2,4,False,0,2,True,False,False,False,False,True,True,False,False,True,True,False,4,10,3,2,491.6666667,0.333333343,0.0,0.333333343,0.333333343,0.072542373,0.247627119,False,True,False,False,True,1,1.0,-1
True,False,10669,False,False,2832,20,False,5,Specialized,High School Diploma,1,3.0,3,1,3,1,0,0,0,False,True,1,2,True,0,0,False,False,False,False,False,False,False,False,False,False,False,False,0,0,0,2,106.8333333,0.0,0.0,0.0,0.0,0.998439938,0.284906396,False,False,False,False,False,1,0.0,-1
True,False,25569,False,True,2832,12,False,4,Standard,Less than HS diploma,3,0.0,0,4,1,0,2,1,0,False,False,1,0,False,0,1,False,False,False,False,False,True,False,False,False,False,False,False,0,6,0,0,19.66666667,0.0,0.0,0.0,0.0,1.0,2.0,False,False,False,False,False,0,0.0,-1
True,False,18996,False,True,4899,11,False,3,Standard,High School Diploma,3,3.0,2,1,0,1,0,0,0,False,False,0,0,True,0,0,False,False,False,False,False,False,True,True,False,False,False,False,0,0,0,1,172,0.0,0.0,0.5,0.0,0.0,0.0,False,False,False,False,False,1,0.0,-1
True,False,15786,True,True,2832,5,False,8,High,High School Diploma,1,2.0,3,7,0,0,5,0,1,False,False,2,0,False,2,0,False,False,False,False,False,True,True,False,True,True,False,False,4,0,0,0,34.6,0.0,0.100000001,0.0,0.0,0.049132948,0.527817919,False,False,False,False,False,1,0.0,-1
False,True,14931,False,True,2327,14,True,9,Specialized,Less than HS diploma,0,2.0,2,7,0,0,3,0,3,False,False,2,0,False,2,0,False,False,False,False,False,False,True,True,False,False,False,False,0,0,0,1,43.375,0.0,0.0,0.0,0.0,0.0,0.0,False,True,True,False,False,1,1.0,-1
True,False,24171,False,True,2832,7,False,4,Standard,At least some college,3,1.0,0,3,2,0,1,1,1,False,False,1,1,False,1,0,False,False,False,False,False,False,False,False,False,False,False,False,0,6,0,1,160.6666667,0.666666687,0.0,0.0,0.0,0.504149378,1.515560166,False,False,False,False,False,1,0.0,-1
False,True,16501,False,True,3337,25,False,0,Unspecified,Less than HS diploma,3,1.0,0,10,6,3,2,5,5,True,False,3,4,True,1,2,True,False,False,True,True,False,False,False,False,False,False,False,0,0,0,0,16.83333333,0.0,0.0,0.0,0.0,0.0,0.0,False,True,False,True,False,1,1.0,-1
False,True,22802,False,False,3337,3,True,4,Standard,Less than HS diploma,3,3.0,2,8,2,3,4,0,0,False,False,2,2,True,2,0,False,False,False,False,False,True,True,True,False,True,False,False,0,0,0,1,9.9,0.0,0.0,0.0,0.033333335,0.811447811,1.0,False,True,True,False,False,0,1.0,-1
True,False,4010,False,False,4899,24,False,5,Unspecified,Less than HS diploma,3,1.0,2,10,5,0,0,4,5,False,False,1,2,False,0,2,False,False,False,True,False,True,True,False,False,False,False,False,3,0,0,1,110.6666667,0.0,0.0,0.0,0.0,0.962349398,0.550075301,True,False,False,False,False,0,0.0,-1
False,True,15002,False,True,2832,9,False,10,Specialized,At least some college,2,2.0,3,3,6,0,0,3,2,False,False,0,3,False,0,1,False,False,False,False,False,True,False,False,False,False,False,False,0,6,0,1,53.16666667,0.166666672,0.0,0.0,0.0,1.0,2.0,False,True,False,True,False,1,1.0,-1
True,False,9575,False,False,3337,25,False,4,Specialized,High School Diploma,0,4.0,3,2,0,0,0,0,0,False,False,0,0,False,0,0,False,False,False,False,False,False,False,False,False,False,False,False,0,10,0,0,14.6,0.0,0.0,0.0,0.0,1.0,2.0,False,False,False,False,False,1,0.0,-1
False,True,23057,False,True,1822,15,True,7,Unspecified,Less than HS diploma,1,0.0,0,7,6,3,1,2,4,True,False,2,4,True,2,1,True,False,False,False,False,True,False,False,False,False,False,False,0,0,0,0,20.44444444,0.111111112,0.111111112,0.0,0.0,0.0,0.0,False,True,True,False,False,0,1.0,-1
False,True,7178,True,False,3337,19,False,10,Standard,Less than HS diploma,3,2.0,2,6,5,0,4,0,4,False,False,3,4,False,3,0,True,False,False,False,False,True,True,False,False,False,False,False,0,0,0,3,362,0.0,0.0,0.0,0.0,0.0,0.0,False,True,True,False,False,1,1.0,-1
True,False,6664,False,True,2327,16,False,7,Standard,Less than HS diploma,3,3.0,0,5,2,3,1,0,2,True,False,0,4,True,0,2,False,True,False,False,True,True,False,False,False,False,False,False,0,10,3,3,9.65,0.050000001,0.0,0.0,0.0,1.0,2.83873057,False,False,False,False,False,1,0.0,-1
True,False,13238,False,True,4899,10,False,3,Standard,High School Diploma,3,3.0,2,10,6,3,5,3,3,True,False,3,3,True,0,1,False,False,False,False,False,False,True,True,False,False,False,False,0,6,0,1,19.36363636,0.0,0.0,0.0,0.0,0.0,0.0,True,False,False,False,False,1,0.0,-1
False,True,20161,False,True,2327,25,True,6,Specialized,Less than HS diploma,1,3.0,3,8,5,3,3,0,4,True,False,1,4,True,2,0,True,True,False,False,False,True,True,True,False,False,False,False,0,0,0,1,132,0.25,0.0,0.0,0.0,0.392045455,1.383522727,False,True,True,False,False,1,1.0,-1
True,False,13933,False,True,4347,6,False,3,Standard,At least some college,2,0.0,0,4,4,0,0,5,0,False,True,1,0,False,0,1,False,False,False,False,False,True,False,False,False,False,False,False,0,6,0,0,53.9,0.0,0.0,0.0,0.0,0.025974026,0.677643785,False,False,False,False,False,1,0.0,-1
False,True,13958,False,True,4899,20,False,7,High,High School Diploma,0,2.0,2,10,1,1,5,2,1,False,False,3,2,True,3,2,False,False,False,False,False,True,False,False,False,False,False,True,4,4,0,1,33.44444444,0.055555556,0.0,0.0,0.0,0.0,0.0,False,True,False,True,False,1,1.0,-1
True,False,1144,False,True,2832,5,False,9,Specialized,Less than HS diploma,3,3.0,2,2,3,2,0,2,1,False,False,1,2,True,0,0,False,False,False,False,False,False,False,True,True,True,False,False,0,0,0,0,115.8333333,0.25,0.0,0.0,0.0,0.544604317,0.525539568,False,False,False,False,False,1,0.0,-1
True,False,22004,False,True,1822,1,True,9,Specialized,High School Diploma,1,2.0,3,3,0,0,3,0,0,False,False,1,0,False,1,0,False,False,False,False,False,True,True,True,False,False,False,False,2,1,1,0,34.86666667,0.13333334,0.0,0.0,0.0,0.0,0.0,False,False,False,False,False,1,0.0,-1
False,True,20757,True,False,2327,16,False,9,Specialized,At least some college,1,0.0,1,5,2,0,2,3,3,False,False,0,3,False,2,1,False,False,False,False,False,True,True,False,False,False,False,False,0,2,0,0,64.75,0.0,0.0,0.0,0.0,0.262548263,0.70511583,True,True,True,False,False,1,1.0,-1
True,False,25447,False,False,1822,10,True,6,High,Less than HS diploma,0,1.0,0,2,2,0,0,1,0,False,False,1,1,False,0,1,False,False,False,False,False,True,False,False,False,False,False,False,2,4,0,0,28.2,0.0,0.0,0.0,0.0,0.0,0.0,False,False,False,False,False,1,0.0,-1
False,True,25228,False,False,2327,1,False,8,High,High School Diploma,3,1.0,0,1,2,0,1,2,0,False,False,0,1,False,0,2,False,False,False,False,False,False,False,False,False,False,False,False,1,0,0,0,4,0.333333343,0.0,0.0,0.0,0.0,0.0,False,True,True,False,False,1,1.0,-1
False,True,9939,False,True,2832,21,False,5,Standard,Less than HS diploma,1,1.0,0,5,2,0,0,4,1,False,True,2,1,False,0,2,False,False,False,False,False,True,False,False,False,False,False,False,0,2,2,1,13.1,0.033333335,0.033333335,0.0,0.0,0.580152672,0.929389313,False,True,False,False,True,0,1.0,-1
True,False,25360,False,True,2327,14,False,5,Standard,At least some college,0,0.0,0,1,4,0,0,1,2,False,False,0,4,False,0,1,False,False,False,False,False,True,False,False,False,False,False,False,3,10,0,0,18.0625,0.0,0.0,0.0,0.0,0.903114187,1.0,False,False,False,False,False,1,0.0,-1
False,True,18087,False,False,1822,20,True,8,High,Less than HS diploma,1,0.0,0,5,1,0,3,1,2,False,False,2,0,False,1,0,True,False,False,False,False,True,True,False,False,True,False,True,4,0,0,0,104.6666667,0.0,0.0,0.0,0.0,1.0,2.0,False,True,False,True,False,0,1.0,-1
True,False,10444,False,True,2832,5,False,3,Specialized,Less than HS diploma,3,3.0,1,2,4,3,0,0,0,True,False,0,3,True,0,0,False,True,False,False,False,True,True,True,False,False,False,False,0,6,0,0,75.14285714,0.0,0.0,0.0,0.0,0.94486692,0.694391635,False,False,False,False,False,1,0.0,-1
False,True,15510,False,True,3337,14,False,5,Unspecified,Less than HS diploma,3,1.0,0,8,6,3,3,2,3,True,False,1,4,False,0,1,True,False,False,False,False,True,False,True,False,False,False,False,0,10,0,0,49.9,0.0,0.0,0.0,0.0,0.733466934,0.731963928,False,True,False,True,False,1,1.0,-1
False,True,18503,False,True,1822,21,False,10,Specialized,Less than HS diploma,0,2.0,1,3,1,0,1,1,1,False,False,1,0,False,1,0,False,False,False,False,False,True,True,True,False,False,False,False,2,1,3,1,95.25,0.5,0.0,0.0,0.0,0.236220472,0.958661417,False,True,True,False,False,0,1.0,-1
False,True,20696,True,True,2327,4,False,5,Standard,Less than HS diploma,2,2.0,0,3,6,0,5,0,4,False,False,0,4,False,3,0,False,False,False,False,False,False,True,False,False,False,False,False,0,0,0,0,98.25,0.0,0.0,0.0,0.0,0.06870229,0.929389313,False,True,True,False,False,1,1.0,-1
True,False,9676,False,True,2327,22,True,7,High,High School Diploma,1,0.0,3,4,0,1,0,1,1,False,True,0,0,False,0,0,False,False,False,False,False,True,True,True,False,True,False,False,1,4,3,3,184.4,0.400000006,0.0,0.0,0.0,0.699023861,0.396149675,True,False,False,False,False,0,0.0,-1
False,True,18603,False,True,2327,8,False,7,Specialized,High School Diploma,3,3.0,1,3,3,1,0,2,2,True,True,2,1,False,0,1,False,False,True,False,False,False,True,True,False,False,False,False,0,0,0,0,148.5,0.0,0.0,0.0,0.0,0.447811448,1.0,False,True,True,False,False,1,1.0,-1
True,False,12850,False,True,4347,15,False,4,Specialized,High School Diploma,3,4.0,2,10,4,2,5,3,3,False,False,3,1,False,2,0,True,False,False,False,False,True,True,True,False,False,False,False,0,0,0,1,24.71428571,0.0,0.0,0.0,0.0,0.710982659,1.0,False,False,False,False,False,1,0.0,-1
False,True,8489,False,True,3842,20,False,10,Specialized,High School Diploma,0,1.0,3,9,3,0,1,5,4,False,False,2,1,False,0,2,False,False,False,True,False,True,True,False,False,False,True,False,0,4,0,1,149.25,0.375,0.0,0.0,0.0,0.440536013,0.305904523,False,True,False,True,False,0,1.0,-1
True,False,6909,False,False,2832,12,False,6,High,High School Diploma,2,0.0,3,5,4,2,3,2,2,False,False,1,1,False,1,0,False,False,False,False,False,True,True,True,False,False,False,False,0,0,0,0,25.48,0.0,0.0,0.0,0.0,1.0,1.720172684,False,False,False,False,False,1,0.0,-1
True,False,24684,False,False,1822,16,False,5,Standard,High School Diploma,1,3.0,1,1,4,0,1,1,0,False,False,0,2,False,0,0,False,False,False,False,False,True,True,True,False,False,False,False,0,10,0,0,13.90322581,0.0,0.0,0.0,0.0,1.0,1.694895592,False,False,False,False,False,1,0.0,-1
True,False,24103,False,False,4347,5,False,2,Standard,At least some college,3,3.0,0,1,1,1,0,0,0,False,False,0,0,False,0,0,False,False,False,False,False,False,False,False,False,False,False,False,0,0,0,0,29.92307692,0.0,0.0,0.0,0.0,1.0,1.877892031,False,False,False,False,False,1,0.0,-1
False,True,5551,False,False,3337,8,False,5,Standard,Less than HS diploma,3,1.0,0,8,6,2,3,3,5,True,True,2,4,True,1,2,False,True,False,False,True,True,False,False,False,False,False,False,0,3,3,2,22.875,0.0,0.0,0.0,0.0,1.0,2.0,False,True,True,False,False,1,1.0,-1
False,True,5706,False,True,3842,25,False,3,Standard,At least some college,3,0.0,3,8,6,3,2,4,0,False,False,1,4,True,0,1,False,False,False,False,False,True,True,False,False,False,False,False,0,6,0,1,349,0.0,0.0,0.0,0.0,0.0,0.0,False,True,True,False,False,1,1.0,-1
False,True,15657,False,True,3337,2,False,5,Standard,Less than HS diploma,3,1.0,1,3,4,0,0,3,2,False,False,1,3,False,0,2,False,False,False,False,True,True,False,False,False,False,False,False,0,0,0,0,354,1.0,0.0,0.0,0.0,0.0,0.0,False,True,False,True,False,1,1.0,-1
False,True,14577,False,True,1822,1,True,7,Specialized,High School Diploma,1,3.0,3,1,0,1,0,0,0,False,False,0,0,False,0,0,False,False,False,False,False,True,True,True,True,False,False,True,4,0,0,3,58.92307692,0.0,0.0,0.0,0.0,0.0,0.0,False,True,False,False,True,1,1.0,-1
True,False,24969,False,False,1822,13,False,6,Standard,High School Diploma,0,3.0,1,2,1,0,0,2,0,False,False,1,0,False,0,0,False,False,False,False,False,True,False,True,False,False,False,False,0,6,0,0,14.7,0.0,0.0,0.0,0.0,1.0,2.0,False,False,False,False,False,1,0.0,-1
False,True,21230,False,False,2327,15,False,10,Specialized,High School Diploma,1,3.0,2,5,2,3,1,1,1,False,False,2,2,True,1,1,True,False,False,False,False,True,True,True,False,False,False,False,0,6,0,0,25.23076923,0.15384616,0.0,0.0,0.0,0.307926829,1.0,False,True,True,False,False,0,1.0,-1
False,True,25297,False,False,2832,17,True,5,Specialized,High School Diploma,3,4.0,0,3,2,0,1,2,1,False,False,2,0,False,2,0,True,False,False,False,False,True,False,True,False,False,False,False,4,0,0,0,27.0625,0.125,0.0,0.0625,0.0,0.993071594,0.843533487,False,True,False,True,False,1,1.0,-1
False,True,6620,False,True,3337,6,False,10,Specialized,Less than HS diploma,0,0.0,3,10,6,0,3,5,5,False,False,2,3,False,1,2,True,False,False,False,True,False,False,False,False,True,False,False,4,0,0,2,148.75,0.375,0.125,0.0,0.0,0.089915966,0.306932773,False,True,False,True,False,0,1.0,-1
True,False,5749,False,True,2832,4,False,4,Standard,Less than HS diploma,3,2.0,1,5,3,2,4,0,1,True,True,3,1,False,3,0,False,False,False,False,False,True,True,True,False,False,False,False,0,10,1,1,35.22222222,0.0,0.0,0.0,0.0,1.0,2.880520505,False,False,False,False,False,1,0.0,-1
False,True,25017,True,False,1822,22,False,7,Standard,Less than HS diploma,0,1.0,0,4,1,0,0,2,2,False,False,0,1,False,0,1,False,False,False,False,False,True,False,True,False,False,False,False,0,6,0,1,27.9,0.0,0.0,0.0,0.0,0.0,0.0,True,True,False,False,True,1,1.0,-1
False,True,21017,True,False,3337,22,False,4,Specialized,At least some college,2,2.0,1,1,3,1,2,0,0,False,False,0,1,True,0,0,False,False,False,False,False,True,False,True,False,False,False,False,0,0,0,3,297,0.0,0.0,0.0,0.0,0.074074074,0.40993266,False,True,True,False,False,1,1.0,-1
True,False,23257,True,False,4899,2,False,2,Standard,High School Diploma,3,1.0,1,5,1,0,1,1,1,False,False,1,0,False,0,1,False,False,False,False,False,True,True,False,False,False,False,False,0,6,0,1,52.3,0.0,0.0,0.0,0.0,0.0,0.0,True,False,False,False,False,1,0.0,-1
True,False,18195,False,True,2327,16,False,6,Standard,At least some college,3,3.0,3,3,4,2,0,2,0,False,True,0,1,True,0,1,False,False,True,False,False,True,False,False,False,False,False,False,0,6,0,2,22.06666667,0.0,0.0,0.0,0.0,1.0,1.10347432,False,False,False,False,False,1,0.0,-1
False,True,22411,False,True,2832,2,False,10,Standard,Less than HS diploma,2,3.0,1,5,1,1,1,1,1,False,True,1,0,False,0,1,False,False,True,False,True,True,True,True,True,True,False,True,2,5,2,0,45.9,0.0,0.0,0.0,0.0,0.130718954,0.795751634,False,True,True,False,False,1,1.0,-1
False,True,2315,False,True,3337,8,False,8,High,At least some college,3,3.0,3,1,0,1,0,0,0,False,False,0,0,False,0,0,False,False,False,False,False,False,False,False,False,False,False,False,0,0,0,2,150.8,0.0,0.0,0.0,0.0,0.860742706,0.484416446,False,True,False,False,True,1,1.0,-1
False,True,7646,False,True,3337,5,True,9,Specialized,High School Diploma,0,2.0,3,5,2,2,2,2,1,False,False,1,1,True,1,1,False,False,False,False,False,False,False,False,False,False,False,False,4,8,1,3,346,0.5,0.0,0.0,0.0,0.628612717,1.055635838,False,True,True,False,False,0,1.0,-1
True,False,5180,False,False,4899,15,False,2,Specialized,Less than HS diploma,2,3.0,2,5,5,2,1,1,0,True,False,0,4,True,0,0,False,False,False,False,False,True,False,True,False,False,False,False,0,0,0,1,70.1,0.0,0.0,0.0,0.0,0.970042796,0.521041369,False,False,False,False,False,1,0.0,-1
False,True,3122,False,True,3842,21,False,3,Specialized,High School Diploma,1,3.0,0,10,4,3,0,3,5,True,True,0,0,False,0,0,False,False,False,True,False,False,False,False,False,False,False,False,1,0,0,2,143.6,0.0,0.0,0.0,0.0,1.0,1.526114206,False,True,False,True,False,1,1.0,-1
False,True,14625,False,False,3842,12,False,10,Specialized,Less than HS diploma,3,3.0,3,10,6,3,5,0,5,True,False,3,2,True,3,0,False,False,False,True,False,False,False,True,True,True,False,False,4,1,1,1,13.53846154,0.0,0.0,0.15384616,0.0,0.647727273,2.0,False,True,False,True,False,1,1.0,-1
False,True,5709,False,True,3842,5,False,4,Specialized,High School Diploma,2,3.0,2,2,6,3,1,0,3,False,False,0,3,True,0,0,False,False,True,False,False,False,False,True,False,False,False,False,0,0,0,3,54.78571429,0.0,0.0,0.0,0.0,0.211212516,0.238102999,False,True,False,True,False,0,1.0,-1
False,True,6134,False,False,4899,21,True,10,Specialized,Less than HS diploma,1,2.0,3,9,6,1,5,1,2,False,False,2,2,False,2,0,False,False,False,True,False,False,False,False,False,False,False,False,0,5,0,0,42.11111111,0.0,0.0,0.0,0.0,1.0,1.927440633,True,True,False,True,False,0,1.0,-1
False,True,12138,False,True,2327,5,True,6,High,High School Diploma,1,3.0,3,3,1,1,0,0,2,False,True,0,0,False,0,0,False,False,False,False,False,False,True,False,True,False,False,False,0,9,0,1,10.36666667,0.06666667,0.0,0.0,0.0,0.0,0.0,False,True,True,False,False,1,1.0,-1
True,False,21188,False,True,3842,18,False,9,Specialized,High School Diploma,0,1.0,1,8,0,0,0,3,5,False,False,2,1,False,0,2,False,False,False,False,True,True,True,False,False,True,False,True,4,7,3,2,71.22222222,0.185185179,0.111111112,0.0,0.0,0.475819033,0.189937598,False,False,False,False,False,1,0.0,-1
False,True,12675,False,False,2832,12,True,7,Standard,High School Diploma,1,3.0,1,7,4,3,1,5,3,True,False,1,4,True,1,2,False,False,False,False,False,True,False,False,False,False,False,False,0,2,0,3,173.3333333,0.0,0.0,0.0,0.0,0.0,0.0,False,True,True,False,False,1,1.0,-1
False,True,1362,False,True,2832,8,False,7,High,Less than HS diploma,3,3.0,1,10,6,1,5,0,5,True,True,3,4,False,3,0,True,True,True,False,False,False,True,True,False,False,False,False,0,1,0,0,175.4,0.0,0.0,0.0,0.0,0.0,0.0,False,True,True,False,False,1,1.0,-1
False,True,16887,False,False,2327,4,False,7,High,Less than HS diploma,0,1.0,0,6,6,0,1,1,5,False,True,1,1,False,1,1,False,False,True,False,False,True,False,False,False,False,False,False,0,0,0,0,161,0.0,0.0,0.0,0.0,0.0,0.0,False,True,True,False,False,1,1.0,-1
False,True,11798,False,True,2327,1,False,7,Specialized,Less than HS diploma,2,3.0,3,6,2,3,3,0,0,False,True,2,2,True,1,0,False,False,False,False,False,False,False,False,False,False,False,False,4,0,3,2,67.42857143,0.142857149,0.0,0.0,0.0,0.23940678,1.547669492,False,True,False,True,False,1,1.0,-1
False,True,15395,False,True,4347,14,False,3,Standard,High School Diploma,3,3.0,3,7,4,3,1,0,2,False,False,0,2,True,0,0,True,False,False,False,False,False,False,True,False,False,False,False,0,1,3,3,37.15384615,0.0,0.07692308,0.0,0.0,0.637681159,0.75621118,False,True,False,True,False,1,1.0,-1
True,False,7924,False,False,2832,22,False,9,Specialized,High School Diploma,0,2.0,0,5,4,0,2,0,4,False,False,2,1,False,1,0,False,False,False,False,True,False,False,False,False,False,False,False,0,4,0,0,35.08333333,0.0,0.0,0.0,0.083333336,0.864608076,1.735154394,False,False,False,False,False,1,0.0,-1
False,True,300,False,True,2832,3,False,10,Specialized,Less than HS diploma,1,2.0,1,10,5,0,2,2,5,False,False,3,2,False,1,2,True,False,False,True,False,True,True,False,False,False,False,False,0,6,0,2,35.9,0.200000003,0.0,0.0,0.0,0.0,0.0,False,True,True,False,False,0,1.0,-1
True,False,4371,False,True,4899,11,False,2,Standard,At least some college,0,3.0,1,8,5,1,2,1,2,False,False,3,1,True,1,0,False,False,False,False,False,True,True,True,False,True,False,False,0,6,2,2,37.58333333,0.0,0.0,0.0,0.0,0.760532151,1.619733925,False,False,False,False,False,1,0.0,-1
False,True,16883,False,True,2832,14,False,5,Standard,High School Diploma,1,0.0,3,2,5,0,0,4,1,False,True,0,1,False,0,1,False,False,True,False,False,False,False,True,True,False,False,False,0,0,0,2,110.9,0.0,0.0,0.0,0.0,0.322813345,0.329350766,False,True,False,True,False,1,1.0,-1
False,True,14281,False,False,3842,8,False,5,High,High School Diploma,3,2.0,2,10,2,2,4,2,4,False,True,3,1,True,3,0,True,False,False,True,False,True,True,False,False,True,False,False,1,10,3,0,121.8571429,0.0,0.0,0.142857149,0.285714298,0.711606096,0.428194607,False,True,False,False,True,0,1.0,-1
True,False,16450,False,True,2327,8,True,9,Standard,Less than HS diploma,1,0.0,1,5,4,0,2,2,4,False,True,3,4,False,2,2,False,False,True,False,False,True,True,False,False,False,False,False,2,10,0,2,20.09090909,0.090909094,0.0,0.0,0.0,1.0,0.826357466,False,False,False,False,False,1,0.0,-1
False,True,10235,False,True,2327,1,False,7,Standard,High School Diploma,0,1.0,1,3,1,1,0,2,2,True,False,2,1,True,0,2,False,False,False,False,False,True,True,False,False,False,False,True,1,1,0,0,30.53333333,0.0,0.0,0.0,0.0,0.0,0.0,False,True,False,True,False,1,1.0,-1
False,True,23178,False,False,3842,8,False,4,Standard,Less than HS diploma,0,1.0,0,5,6,1,5,2,1,False,False,1,4,False,3,2,False,False,False,False,False,True,True,True,True,False,False,False,0,4,1,1,37.77777778,0.0,0.0,0.444444448,0.0,0.358823529,1.0,False,True,True,False,False,0,1.0,-1
True,False,23903,False,True,3337,9,False,4,Standard,At least some college,3,3.0,0,1,0,1,0,0,0,False,False,0,0,False,0,0,False,False,False,False,False,False,False,True,False,False,False,False,0,0,0,1,387.3333333,0.0,0.0,0.0,0.0,0.0,0.0,False,False,False,False,False,1,0.0,-1
False,True,88,False,True,3337,4,False,6,High,High School Diploma,1,1.0,1,10,6,2,5,2,5,True,False,3,4,False,2,1,True,False,False,False,False,True,True,False,False,False,False,False,0,0,0,0,372.75,0.0,0.0,0.0,0.0,0.071763917,0.244969819,False,True,False,True,False,0,1.0,-1
False,True,19088,True,True,1822,9,False,8,Standard,High School Diploma,1,2.0,0,7,2,2,3,1,2,True,False,0,2,False,2,0,False,False,False,False,False,True,False,True,False,False,False,False,0,1,1,0,93.8,0.0,0.0,0.0,0.0,0.0,0.0,True,True,True,False,False,1,1.0,-1
False,True,10765,False,True,4899,8,False,1,High,Less than HS diploma,0,2.0,1,10,1,1,5,2,5,False,False,3,1,False,3,0,True,False,False,True,False,True,False,False,False,False,False,False,2,5,0,1,39.625,0.125,0.0,0.0,0.0,1.0,2.0,False,True,True,False,False,1,1.0,-1
False,True,9134,False,False,2832,14,True,8,High,High School Diploma,1,1.0,0,10,4,0,5,3,5,False,False,3,1,False,2,2,False,False,True,False,True,True,False,False,False,False,False,False,4,1,0,3,47.85714286,0.142857149,0.0,0.0,0.0,1.0,4.0,False,True,False,True,False,1,1.0,-1
False,True,12617,False,False,3842,17,False,5,Standard,High School Diploma,3,2.0,1,10,5,1,2,3,5,False,False,3,1,False,2,2,True,False,False,False,False,True,False,False,False,False,False,False,0,6,0,0,40.42857143,0.0,0.0,0.0,0.0,0.098939929,1.0,False,True,False,True,False,1,1.0,-1
True,False,25240,False,True,2327,1,False,5,Standard,At least some college,3,3.0,0,0,2,0,0,0,0,False,False,0,1,False,0,0,False,False,False,False,False,True,False,False,False,False,False,False,0,0,0,1,95.8,0.0,0.0,0.0,0.0,0.872651357,0.762526096,False,False,False,False,False,1,0.0,-1
True,False,20076,False,False,1822,2,False,7,High,At least some college,0,2.0,3,3,2,1,4,0,0,False,False,0,1,False,1,0,False,False,False,False,False,True,True,True,False,False,False,False,0,10,0,0,172,0.0,0.0,0.0,0.0,0.848837209,0.707848837,True,False,False,False,False,0,0.0,-1
False,True,25825,False,True,3842,6,False,5,Standard,At least some college,3,0.0,3,0,0,0,0,0,0,False,False,0,0,False,0,0,False,False,False,False,False,False,False,False,False,False,False,False,0,3,0,2,20.55,0.100000001,0.0,0.0,0.0,1.0,0.888686131,False,True,False,True,False,1,1.0,-1
False,True,2177,False,True,4347,22,False,3,Specialized,High School Diploma,3,0.0,2,3,4,1,2,0,1,False,False,1,0,False,0,0,False,False,False,False,False,False,False,True,False,False,False,False,0,0,0,1,195.4,0.0,0.0,0.0,0.0,0.735926305,0.747697032,False,True,False,True,False,1,1.0,-1
True,False,13539,False,True,3842,2,False,7,Specialized,Less than HS diploma,2,3.0,3,5,2,2,3,1,0,False,False,1,0,True,0,1,False,False,False,False,False,False,False,False,False,False,False,False,0,6,0,2,109.7647059,0.0,0.0,0.0,0.0,0.541800643,0.58721865,False,False,False,False,False,1,0.0,-1
False,True,4845,False,False,3337,25,False,5,Unspecified,High School Diploma,1,0.0,0,7,6,3,2,2,5,True,False,1,4,True,0,0,True,True,False,False,True,True,False,False,False,False,False,False,0,4,0,3,92.75,0.0,0.0,0.0,0.0,0.318059299,0.984501348,True,True,True,False,False,1,1.0,-1
True,False,19382,True,False,2832,7,False,7,Standard,At least some college,0,1.0,0,2,1,0,1,2,1,False,False,0,0,False,0,0,False,False,False,False,True,True,False,False,False,False,False,False,0,10,0,0,29.28571429,0.0,0.0,0.0,0.0,1.0,1.187804878,False,False,False,False,False,0,0.0,-1
False,True,4373,False,True,4347,2,False,4,Standard,High School Diploma,0,3.0,1,10,3,3,5,1,3,False,True,2,1,False,3,0,True,False,False,True,False,False,False,False,False,True,True,False,4,8,1,3,80.0625,0.0,0.125,0.0,0.0,0.0,0.0,False,True,False,False,True,1,1.0,-1
True,False,72,False,False,3337,14,False,8,Specialized,Less than HS diploma,0,0.0,2,10,6,1,5,0,5,False,True,2,3,False,2,0,True,False,False,False,True,False,False,True,False,True,False,True,4,10,0,1,68.66666667,0.0,0.0,0.0,0.0,0.964805825,0.221632282,False,False,False,False,False,0,0.0,-1
False,True,10206,False,False,3337,17,False,9,Specialized,Less than HS diploma,1,1.0,0,8,1,0,5,1,3,False,False,2,0,False,1,2,False,False,False,False,True,True,True,False,False,False,False,False,0,1,0,0,97.5,0.0,0.0,0.0,0.0,0.169230769,0.624358974,True,True,True,False,False,1,1.0,-1
True,False,18720,False,False,1822,20,False,7,Specialized,Less than HS diploma,0,3.0,2,2,0,0,0,0,0,False,False,0,1,False,0,1,False,False,False,False,False,True,True,True,False,False,False,False,0,5,1,0,260.5,0.0,0.0,0.0,0.0,0.964171465,0.233685221,False,False,False,False,False,1,0.0,-1
False,True,23900,False,False,1822,12,True,6,High,Less than HS diploma,1,2.0,0,1,1,0,2,0,1,False,False,0,1,False,1,0,False,False,False,False,False,True,False,True,False,False,False,False,0,0,0,0,41.25,0.25,0.0,0.0,0.25,0.0,0.0,False,True,True,False,False,1,1.0,-1
True,False,16355,False,False,3842,24,False,7,High,At least some college,1,2.0,2,7,1,2,1,0,3,True,False,2,0,True,1,0,False,True,False,False,False,True,True,True,False,False,False,False,4,0,0,0,26.875,0.0,0.0,0.125,0.125,0.0,0.0,True,False,False,False,False,1,0.0,-1
False,True,1470,False,True,3842,23,False,6,Standard,At least some college,0,0.0,1,10,6,0,5,0,2,False,False,3,3,False,3,0,False,False,False,False,False,True,False,True,False,False,False,False,0,0,0,0,134.2,0.0,0.0,0.0,0.0,0.0,0.0,False,True,True,False,False,1,1.0,-1
False,True,580,False,True,4347,25,False,3,Standard,High School Diploma,2,1.0,2,10,6,0,5,1,5,False,False,3,4,False,3,0,True,False,False,False,True,True,True,False,False,False,False,False,0,1,0,0,148.5,0.0,0.0,0.0,0.0,1.0,1.22979798,False,True,False,True,False,1,1.0,-1
True,False,1731,False,True,3337,19,False,10,Specialized,Less than HS diploma,0,0.0,2,8,6,3,0,3,5,False,False,2,4,True,0,2,True,True,False,False,False,False,False,False,False,True,False,True,3,0,3,0,223,0.5,0.0,0.0,0.0,0.0,0.0,False,False,False,False,False,0,0.0,-1
